,Cobolt
AAACAGCCAGGCTTCG-1_atac,CD14 Monocytes
AAACCAACACCTGCTC-1_atac,Memory T cells
AAACCAACATAACGGG-1_atac,Memory T cells
AAAGCACCACCCACCT-1_atac,Memory T cells
AAAGCTTGTGTGTGGT-1_atac,CD14 Monocytes
AAAGGACGTATTGTGG-1_atac,B cells
AAAGGACGTTCACCAT-1_atac,Memory T cells
AAAGGAGCACAAACTT-1_atac,Memory T cells
AAAGGAGCATAGCTGC-1_atac,CD14 Monocytes
AAAGGCTCACTTCACT-1_atac,Memory T cells
AAAGGTTAGCAAGGGT-1_atac,CD14 Monocytes
AACAGATAGAGGCTAA-1_atac,Memory T cells
AACAGATAGGGTCCAC-1_atac,Memory T cells
AACAGCAAGGAAGCTA-1_atac,Naive CD8 T cells
AACATAGCATAAAGCA-1_atac,Memory T cells
AACATCATCCGTTATT-1_atac,CD14 Monocytes
AACATCATCGAGGAAC-1_atac,Memory T cells
AACATCATCGGCTATG-1_atac,Memory T cells
AACCCGCAGTCACTAA-1_atac,Memory T cells
AACCGGCTCCGTAAAC-1_atac,CD14 Monocytes
AACCGGCTCGATCAGT-1_atac,CD14 Monocytes
AACCGGCTCGTTAGCG-1_atac,Memory T cells
AACCTTAAGGTCTTGG-1_atac,Memory T cells
AACCTTGCAGCCTGCA-1_atac,CD14 Monocytes
AACGCCCAGTTTGAGC-1_atac,Memory T cells
AACTAGTGTAACCAGC-1_atac,CD14 Monocytes
AACTCACAGGAAGCAC-1_atac,CD14 Monocytes
AACTCACAGGGCTAAA-1_atac,CD14 Monocytes
AACTGTTCAAGACTCC-1_atac,CD14 Monocytes
AACTTAGTCACTTCAT-1_atac,Memory T cells
AACTTAGTCCATAATG-1_atac,Memory T cells
AAGAACAGTATTCGTC-1_atac,Memory T cells
AAGAATCAGGCTACAT-1_atac,Memory T cells
AAGACATAGTAAGGGC-1_atac,CD14 Monocytes
AAGACCAAGAGAGGAG-1_atac,Memory T cells
AAGCAAGTCGTTTCGC-1_atac,CD14 Monocytes
AAGCCTCCACAATGCC-1_atac,Memory T cells
AAGCCTCCACACTAAT-1_atac,Memory T cells
AAGCCTCCAGACAAAC-1_atac,Memory T cells
AAGCGAATCATGCCTC-1_atac,CD14 Monocytes
AAGCGAGGTCGACTCC-1_atac,Memory T cells
AAGCGTTTCATTGTCT-1_atac,Memory T cells
AAGCGTTTCCTGATTT-1_atac,Memory T cells
AAGCTAGAGATGGACA-1_atac,Memory T cells
AAGCTATGTTTAACCC-1_atac,Memory T cells
AAGGATTAGTAGCGCC-1_atac,CD14 Monocytes
AAGGCCCTCTTGATGA-1_atac,CD14 Monocytes
AAGGTCAAGGTCCGTA-1_atac,CD14 Monocytes
AAGTGAAGTATGTGGC-1_atac,CD14 Monocytes
AAGTGTTGTGAGACTC-1_atac,CD14 Monocytes
AAGTGTTGTGCTCCGT-1_atac,Memory T cells
AAGTGTTGTTTGCAGA-1_atac,CD14 Monocytes
AAGTTACGTAGCTAGC-1_atac,Memory T cells
AAGTTAGCACTAAGAA-1_atac,Memory T cells
AAGTTTGTCCAATTAG-1_atac,Memory T cells
AATACCGGTTCCATTA-1_atac,NK/Effector T cells
AATAGAGGTGAGGTAG-1_atac,CD14 Monocytes
AATCAGGAGCGAAGTA-1_atac,Memory T cells
AATCATGTCATTACTC-1_atac,Memory T cells
AATCCATCACCTCAGG-1_atac,Memory T cells
AATCCCTGTGCAATAT-1_atac,NK/Effector T cells
AATCCTAAGATGGAGC-1_atac,CD14 Monocytes
AATGAAGGTAGGTTAT-1_atac,CD14 Monocytes
AATGCAACAAGGTATA-1_atac,B cells
AATGCATGTGTTTCAC-1_atac,CD14 Monocytes
AATGCGCGTACCGGAT-1_atac,CD14 Monocytes
AATGGCGCAAGCCACT-1_atac,B cells
AATGGCGCAGTCTATG-1_atac,CD14 Monocytes
AATTCGTCAGGCTAAG-1_atac,Memory T cells
AATTGCCAGTACTGGT-1_atac,CD14 Monocytes
AATTGGACATCGCTCC-1_atac,Memory T cells
ACAAAGGTCCCTGTTA-1_atac,B cells
ACAACACTCCTGAATA-1_atac,Memory T cells
ACACCTTGTACGTTTC-1_atac,CD14 Monocytes
ACACCTTGTCATCAAG-1_atac,Memory T cells
ACACGGACATGGTTAT-1_atac,Memory T cells
ACACTAATCGTTAGCG-1_atac,Memory T cells
ACACTTGCACTATGGC-1_atac,Memory T cells
ACAGGAATCAATGACC-1_atac,CD14 Monocytes
ACAGGAATCCAGGTCA-1_atac,CD14 Monocytes
ACAGGATCAAGCCAGA-1_atac,Memory T cells
ACAGGATCACCTGCCT-1_atac,Memory T cells
ACATCAATCTCAATTC-1_atac,CD14 Monocytes
ACATCATCACTATGGC-1_atac,CD14 Monocytes
ACCAATATCTATGACA-1_atac,Memory T cells
ACCACATAGCTGCACA-1_atac,Memory T cells
ACCACATAGTTATCCT-1_atac,CD14 Monocytes
ACCAGCTCATGTCAGC-1_atac,CD14 Monocytes
ACCAGGCTCCAGCACA-1_atac,B cells
ACCAGGCTCCGGAACC-1_atac,CD14 Monocytes
ACCAGGGAGCGCTCAA-1_atac,Memory T cells
ACCAGGGAGGCCAATT-1_atac,Memory T cells
ACCATAATCGCAGGCT-1_atac,Memory T cells
ACCATTAAGCAAGACA-1_atac,Memory T cells
ACCCAACCACCTGCTC-1_atac,CD14 Monocytes
ACCCAACCACTAGGTC-1_atac,CD14 Monocytes
ACCCAGGGTGAATCGC-1_atac,CD14 Monocytes
ACCCAGGGTGCTCCAC-1_atac,Memory T cells
ACCCGTAAGCAGCTAT-1_atac,Naive CD8 T cells
ACCGAAGCAAAGGCCA-1_atac,Memory T cells
ACCGAAGCACCTCGCT-1_atac,B cells
ACCGAAGCAGCCAGTT-1_atac,CD14 Monocytes
ACCGAAGCAGGCCAAA-1_atac,Memory T cells
ACCGAAGCAGTACCGT-1_atac,Memory T cells
ACCGCAATCATGTTTC-1_atac,CD14 Monocytes
ACCGGCTAGCCGCTAA-1_atac,Memory T cells
ACCTAAATCAATCATG-1_atac,B cells
ACCTAAGGTTCACCAT-1_atac,CD14 Monocytes
ACCTCACTCTAGCTTT-1_atac,Memory T cells
ACCTGTTGTTAGGCGT-1_atac,Memory T cells
ACCTTGCTCAGCTAAC-1_atac,Memory T cells
ACCTTGCTCCCTGGTT-1_atac,Memory T cells
ACGAACAAGGCCTGGT-1_atac,Memory T cells
ACGAACAAGGTGCGGA-1_atac,CD14 Monocytes
ACGAACAAGGTTAGCT-1_atac,Memory T cells
ACGAGTAAGGATAAAC-1_atac,CD14 Monocytes
ACGATTCAGAACCTGT-1_atac,CD14 Monocytes
ACGATTCAGCATTTCT-1_atac,CD14 Monocytes
ACGCAAGCATAATCGT-1_atac,CD14 Monocytes
ACGCACGGTACGGGTT-1_atac,B cells
ACGCACGGTTAATGAC-1_atac,CD14 Monocytes
ACGCACGGTTACGCAA-1_atac,Memory T cells
ACGCCTAAGGCGGGTA-1_atac,Memory T cells
ACGCCTAAGTGAGGGT-1_atac,Memory T cells
ACGCCTTTCATTTGCT-1_atac,Memory T cells
ACGCTTGAGCTCATAA-1_atac,CD14 Monocytes
ACGCTTGAGGTCATTA-1_atac,Memory T cells
ACGGGAAGTTTGAGGC-1_atac,Memory T cells
ACGGTTAGTGTGCAAC-1_atac,Memory T cells
ACGGTTTAGCCGCAGT-1_atac,Memory T cells
ACGTACCCAATGAAGC-1_atac,Memory T cells
ACGTCCAAGCAGCTAT-1_atac,CD14 Monocytes
ACGTCCTTCAAAGGCA-1_atac,CD14 Monocytes
ACGTCCTTCCTAATTC-1_atac,Memory T cells
ACTAACCAGCACAGAA-1_atac,CD14 Monocytes
ACTAACGGTTACGCGG-1_atac,Memory T cells
ACTAACTCAAGGTGCA-1_atac,Memory T cells
ACTAATCCAGGTATTT-1_atac,Memory T cells
ACTAGGCGTACTGAAT-1_atac,Memory T cells
ACTATCCGTAGGATTT-1_atac,CD14 Monocytes
ACTATCCGTTCACTGT-1_atac,Memory T cells
ACTATGTCAGTTTGTG-1_atac,CD14 Monocytes
ACTCAGTAGGAAGCAC-1_atac,Memory T cells
ACTCAGTAGGCATGTT-1_atac,CD14 Monocytes
ACTCGCGCAAGGAATC-1_atac,Memory T cells
ACTCGCTTCATGAAGG-1_atac,Memory T cells
ACTTACTTCAGGGCCT-1_atac,CD14 Monocytes
ACTTACTTCATAGCCG-1_atac,Memory T cells
ACTTAGGGTAGGTTTG-1_atac,Memory T cells
ACTTAGGGTAGTAAGA-1_atac,Memory T cells
ACTTAGGGTAGTTGGC-1_atac,NK/Effector T cells
ACTTCGCTCGTAACGT-1_atac,CD14 Monocytes
ACTTGAATCCAAGTTA-1_atac,CD14 Monocytes
ACTTGTCGTACCGTAA-1_atac,Memory T cells
AGAAACCCATAATGTC-1_atac,Naive CD8 T cells
AGAAAGGCATCCATCT-1_atac,CD14 Monocytes
AGAACCAAGCCGGTAC-1_atac,CD14 Monocytes
AGAACCGCACCTAATG-1_atac,Naive CD8 T cells
AGAAGGTGTAACGGGA-1_atac,CD14 Monocytes
AGAATCTGTACTAAAC-1_atac,B cells
AGACAATAGGCCTTAG-1_atac,NK/Effector T cells
AGACCCGGTAAGCACC-1_atac,CD14 Monocytes
AGACTATGTATGGTGC-1_atac,Memory T cells
AGAGAAGCATAGCTGC-1_atac,Memory T cells
AGAGATTAGTCATGCG-1_atac,CD14 Monocytes
AGAGGAACACGAATCC-1_atac,Memory T cells
AGAGGAACACTTACAG-1_atac,CD14 Monocytes
AGAGGAACAGCTTAAT-1_atac,Memory T cells
AGAGGATGTTAACAGT-1_atac,CD14 Monocytes
AGATGAAGTAATAACC-1_atac,Memory T cells
AGATGAAGTACGTTTC-1_atac,CD14 Monocytes
AGATGAAGTGTAACCA-1_atac,CD14 Monocytes
AGATGAAGTGTCCAAA-1_atac,Memory T cells
AGATGAAGTTGGTTCT-1_atac,Memory T cells
AGATGCTTCGTTCACC-1_atac,B cells
AGCAAATAGCCAGTAT-1_atac,Memory T cells
AGCAAATAGGTGTTAC-1_atac,Memory T cells
AGCAATTGTGGGTACT-1_atac,Memory T cells
AGCACAGCATTCCTGT-1_atac,Memory T cells
AGCACTTAGTTAGCCG-1_atac,Memory T cells
AGCCGGTTCCTTCTAG-1_atac,Memory T cells
AGCCTAAGTGCTTACT-1_atac,CD14 Monocytes
AGCCTAGTCTTTGACT-1_atac,B cells
AGCCTGGGTAACCAGC-1_atac,Memory T cells
AGCCTGGGTAGCTGGT-1_atac,CD14 Monocytes
AGCCTGGGTTAGTTGG-1_atac,Memory T cells
AGCGATTTCGTTCACC-1_atac,CD14 Monocytes
AGCGATTTCTGCAACG-1_atac,Memory T cells
AGCGCTCAGGTCCTAG-1_atac,Memory T cells
AGCGGATAGTTACTTC-1_atac,CD14 Monocytes
AGCTAGTTCCGTTATT-1_atac,CD14 Monocytes
AGCTATATCGCACAAT-1_atac,CD14 Monocytes
AGCTATATCGGCCAGT-1_atac,CD14 Monocytes
AGCTGCTCATGAAATG-1_atac,CD14 Monocytes
AGCTTCCTCAATGAGG-1_atac,CD14 Monocytes
AGGAAACGTCAAACTG-1_atac,Memory T cells
AGGAAACGTGGTTATG-1_atac,CD14 Monocytes
AGGAACGGTTGGTTCT-1_atac,CD14 Monocytes
AGGACTAAGGCGGATG-1_atac,CD14 Monocytes
AGGACTAAGTTGCCTC-1_atac,CD14 Monocytes
AGGAGCTAGATGGAGC-1_atac,Memory T cells
AGGATGCAGGCTAATC-1_atac,CD14 Monocytes
AGGATGTCAGCAAATA-1_atac,CD14 Monocytes
AGGATTGAGGCTATGT-1_atac,Memory T cells
AGGCAATCATGAGTTT-1_atac,Memory T cells
AGGCTAAAGTATTGTG-1_atac,Memory T cells
AGGCTAAAGTCTATGA-1_atac,Memory T cells
AGGCTAGCACAATACT-1_atac,Memory T cells
AGGCTAGCACCTGTAA-1_atac,Memory T cells
AGGGCTACAGAATGAC-1_atac,CD14 Monocytes
AGGTAACCAGGCTAGA-1_atac,Memory T cells
AGGTATTGTGCTAGCG-1_atac,B cells
AGGTCAAAGGCAAGTA-1_atac,CD14 Monocytes
AGGTCATTCAAGCTAC-1_atac,Memory T cells
AGGTCATTCTTGCAAA-1_atac,Memory T cells
AGGTCCGGTTAGCGTA-1_atac,Memory T cells
AGGTCTTAGCAGCTCA-1_atac,Memory T cells
AGGTCTTAGTGGACAA-1_atac,CD14 Monocytes
AGGTGAATCTAATCTC-1_atac,CD14 Monocytes
AGGTTAACAGCAAGTG-1_atac,Memory T cells
AGGTTAACAGGTCCTG-1_atac,Memory T cells
AGGTTAACATGAGCAG-1_atac,Memory T cells
AGGTTTATCACTCAAA-1_atac,CD14 Monocytes
AGGTTTATCTTAGTCT-1_atac,CD14 Monocytes
AGTAAACAGCAATAGG-1_atac,CD14 Monocytes
AGTAAACAGCAGGTTT-1_atac,CD14 Monocytes
AGTAACACAGCTTAAT-1_atac,CD14 Monocytes
AGTAACACATCGCTTT-1_atac,Memory T cells
AGTAACGAGACACCGC-1_atac,CD14 Monocytes
AGTAACGAGAGAGCCG-1_atac,CD14 Monocytes
AGTAATGCAACCTGGT-1_atac,Memory T cells
AGTAGCTTCATAGACC-1_atac,CD14 Monocytes
AGTAGCTTCTCCATAT-1_atac,Memory T cells
AGTAGCTTCTGTGAGT-1_atac,CD14 Monocytes
AGTCAAGAGTCATTAG-1_atac,Memory T cells
AGTCGCATCATGCTAA-1_atac,CD14 Monocytes
AGTCTTGCAATTATGC-1_atac,Memory T cells
AGTCTTGCACAAAGAC-1_atac,CD14 Monocytes
AGTCTTGCATTGTGGC-1_atac,Memory T cells
AGTGAGTCATTAAAGG-1_atac,CD14 Monocytes
AGTGGACAGCTTACTT-1_atac,Memory T cells
AGTGGACAGGCGAATA-1_atac,B cells
AGTGTTTCAACAGGTG-1_atac,Memory T cells
AGTTGCAGTAGCCTAA-1_atac,NK/Effector T cells
AGTTGCAGTAGGTTTG-1_atac,CD14 Monocytes
AGTTGCGTCCAACTGG-1_atac,B cells
AGTTGGCGTACAAAGA-1_atac,CD14 Monocytes
AGTTGTCAGATGGACA-1_atac,Memory T cells
AGTTGTCAGTAAACCC-1_atac,CD14 Monocytes
ATAACGACACATTAAC-1_atac,Memory T cells
ATAAGCCTCTAGCTTT-1_atac,Memory T cells
ATAAGTCGTGAGGTAG-1_atac,CD14 Monocytes
ATAGATGCACTTACAG-1_atac,Memory T cells
ATATAGGCAGAAACGT-1_atac,Memory T cells
ATATGCATCAGCTAAC-1_atac,Memory T cells
ATATGCTCAATAGCAA-1_atac,Memory T cells
ATCAAGCTCCTTCTAG-1_atac,Memory T cells
ATCAATCCAAACCTTG-1_atac,CD14 Monocytes
ATCAATCCAAGCTTTG-1_atac,Naive CD8 T cells
ATCACAATCTCCATAT-1_atac,Memory T cells
ATCACTAAGATGGACA-1_atac,Memory T cells
ATCAGGTTCCCTGTTA-1_atac,CD14 Monocytes
ATCATCAAGCCAGTAT-1_atac,Memory T cells
ATCATCAAGGGCCACT-1_atac,CD14 Monocytes
ATCCAACAGCGGCTGT-1_atac,Memory T cells
ATCCACCTCGTCAAGT-1_atac,Memory T cells
ATCCGTGAGACTCGCA-1_atac,Naive CD8 T cells
ATCCGTGAGGTCATTA-1_atac,Memory T cells
ATCCTCATCTGGTCCT-1_atac,CD14 Monocytes
ATCCTCATCTGTGAGT-1_atac,Memory T cells
ATCCTGACAATGCGCT-1_atac,Memory T cells
ATCCTGACATGTCAAT-1_atac,Memory T cells
ATCGAGGCAACAGGAT-1_atac,Memory T cells
ATCTATGAGCAAACCT-1_atac,Memory T cells
ATCTTTGGTTGTTGGA-1_atac,Memory T cells
ATGAAGCCAGCACCAT-1_atac,Memory T cells
ATGACTCAGCACGTTG-1_atac,CD14 Monocytes
ATGCATTCACCGGCTA-1_atac,CD14 Monocytes
ATGCTTAAGCAACATC-1_atac,Memory T cells
ATGCTTAAGGACCAGG-1_atac,Memory T cells
ATGCTTAAGGTCTTGG-1_atac,CD14 Monocytes
ATGGCTAGTGTGAGAG-1_atac,Memory T cells
ATGGCTAGTTTGCGCC-1_atac,Memory T cells
ATGGCTTAGCCGCAAC-1_atac,CD14 Monocytes
ATGGTGCGTTGGTTAG-1_atac,CD14 Monocytes
ATGGTTATCTCCATGC-1_atac,CD14 Monocytes
ATGTAACGTTTAGCTC-1_atac,Memory T cells
ATGTAAGCATTAGCGC-1_atac,Memory T cells
ATGTTCAAGACTTATG-1_atac,CD14 Monocytes
ATGTTTGAGCCGCTAA-1_atac,CD14 Monocytes
ATTAACCCACAACAGG-1_atac,CD14 Monocytes
ATTACCCGTTTACCGT-1_atac,Memory T cells
ATTAGCTCAGCAGGTA-1_atac,CD14 Monocytes
ATTAGGTGTCTCAGCC-1_atac,Memory T cells
ATTCAACCACTAGCGT-1_atac,CD14 Monocytes
ATTCAACCAGGAACAT-1_atac,Memory T cells
ATTCCGGAGCTACTGG-1_atac,Memory T cells
ATTCCTAGTATTGTGG-1_atac,CD14 Monocytes
ATTCCTAGTCATAACG-1_atac,Memory T cells
ATTCCTAGTTGTTGGA-1_atac,Memory T cells
ATTCGTTTCCAGGAAA-1_atac,Memory T cells
ATTGACTCAATCCTGA-1_atac,Memory T cells
ATTGACTCACTTAGGC-1_atac,Memory T cells
ATTGCACAGCCTGTTC-1_atac,CD14 Monocytes
ATTGCTCGTAAGGTCC-1_atac,CD14 Monocytes
ATTGCTCGTACGCGCA-1_atac,Memory T cells
ATTGGCTAGTAAGTCC-1_atac,Memory T cells
ATTTGCAAGAGAAGGG-1_atac,Memory T cells
ATTTGCGCAGTTTGGC-1_atac,Memory T cells
CAAACACTCCACCCTG-1_atac,Memory T cells
CAAACCGTCAAGTGTC-1_atac,Memory T cells
CAAACGCGTTTGGCTT-1_atac,CD14 Monocytes
CAAAGCGCAGCCAGTT-1_atac,CD14 Monocytes
CAAAGTGAGTAGGATG-1_atac,Memory T cells
CAAATCATCAGCAAGA-1_atac,Memory T cells
CAAATCATCTATGACA-1_atac,CD14 Monocytes
CAACAATGTCATGCAA-1_atac,CD14 Monocytes
CAACAGGCAGCATGGA-1_atac,Memory T cells
CAACCCGCACGCAACT-1_atac,Memory T cells
CAACTAATCCTTCGTA-1_atac,CD14 Monocytes
CAAGACAAGGTATTGC-1_atac,Memory T cells
CAAGGCTGTACCGGAT-1_atac,Memory T cells
CAAGGCTGTGAACAAA-1_atac,Memory T cells
CAAGGGAGTGATCAGC-1_atac,Memory T cells
CAAGGTAAGTCATTGA-1_atac,B cells
CAAGGTTTCAGTTCCC-1_atac,Memory T cells
CAAGGTTTCCGCCTAT-1_atac,CD14 Monocytes
CAAGTATGTCGTTATC-1_atac,CD14 Monocytes
CAATAAGCAATGCCCG-1_atac,CD14 Monocytes
CAATAAGCACTAGCGT-1_atac,Memory T cells
CAATAAGCAGCCTTGG-1_atac,NK/Effector T cells
CAATCCCTCACATTGA-1_atac,CD14 Monocytes
CAATCCCTCCCGCCTA-1_atac,CD14 Monocytes
CAATCGCCATTGTCCT-1_atac,CD14 Monocytes
CAATCTAAGCTTCCCG-1_atac,Memory T cells
CAATGAACATAATCCG-1_atac,Memory T cells
CAATGACTCAAATCGC-1_atac,Memory T cells
CAATGTCAGGAACACA-1_atac,CD14 Monocytes
CAATGTCAGGCAACAA-1_atac,Memory T cells
CAATGTCAGGGCCATC-1_atac,CD14 Monocytes
CAATGTCAGTAGGATG-1_atac,CD14 Monocytes
CACAAGCGTGATTACG-1_atac,Memory T cells
CACAGGGAGGAACGGT-1_atac,CD14 Monocytes
CACAGGGAGTTATGTG-1_atac,CD14 Monocytes
CACCAACCAATTGCGC-1_atac,CD14 Monocytes
CACCTCAGTTTGGGCG-1_atac,Naive CD8 T cells
CACCTGTTCCAACTGG-1_atac,Memory T cells
CACTTTGTCAGCTAAC-1_atac,CD14 Monocytes
CAGAACCGTGCTTAGA-1_atac,CD14 Monocytes
CAGATTCAGGAGTAAT-1_atac,CD14 Monocytes
CAGCAAGCACTTAGGC-1_atac,CD14 Monocytes
CAGCCTAAGCCTGTGA-1_atac,Memory T cells
CAGCCTAAGGTCCACA-1_atac,Memory T cells
CAGCTCAAGAGGAGGA-1_atac,B cells
CAGGAAGGTCCTTCTC-1_atac,CD14 Monocytes
CAGGACCTCCGTCCAT-1_atac,CD14 Monocytes
CAGGCTATCCGCAAGC-1_atac,Memory T cells
CAGGGTGAGCATGTCG-1_atac,Memory T cells
CAGGTCCAGAGAGCCG-1_atac,Memory T cells
CAGGTCCAGGTCGAGG-1_atac,CD14 Monocytes
CAGGTGGAGGAGGCAT-1_atac,CD14 Monocytes
CAGGTTTAGTATTGTG-1_atac,Memory T cells
CATAGACTCCATTACT-1_atac,Memory T cells
CATAGGCGTCATCCTG-1_atac,CD14 Monocytes
CATAGGCGTCCGTGAG-1_atac,CD14 Monocytes
CATAGGCGTTACTTCA-1_atac,Memory T cells
CATAGTCAGCTCAAAC-1_atac,CD14 Monocytes
CATATCGCACTTCATC-1_atac,B cells
CATCACACATGCTCCC-1_atac,Memory T cells
CATCATAAGTACTGGT-1_atac,Memory T cells
CATCATGCACTGACCG-1_atac,CD14 Monocytes
CATCCTCAGACTTATG-1_atac,B cells
CATCCTGGTACGGGTT-1_atac,CD14 Monocytes
CATCCTGGTTACTTGC-1_atac,Memory T cells
CATCCTTCACCCACAG-1_atac,CD14 Monocytes
CATGCGCAGGAGTCGG-1_atac,CD14 Monocytes
CATGGATTCAAGCTTA-1_atac,Memory T cells
CATGGATTCATAACCA-1_atac,Memory T cells
CATTGCGAGCATGTCG-1_atac,CD14 Monocytes
CATTGCGAGTAACGGA-1_atac,CD14 Monocytes
CATTGTAAGGACCGCT-1_atac,Memory T cells
CATTGTAAGGCAGGTG-1_atac,CD14 Monocytes
CATTTGTTCTAAGTGC-1_atac,B cells
CCAAACCCAAACGCGA-1_atac,Memory T cells
CCAAACCCACCTGTAA-1_atac,Memory T cells
CCAAACCCATAGACTT-1_atac,Memory T cells
CCAAATCAGGTCCGTA-1_atac,Memory T cells
CCAACCAAGCGCTAAT-1_atac,CD14 Monocytes
CCAACCCGTGCAATGC-1_atac,Memory T cells
CCAACCCGTGTGAGGA-1_atac,Memory T cells
CCAAGTTAGTAACCAC-1_atac,CD14 Monocytes
CCACAGGGTTAGCGTA-1_atac,Memory T cells
CCACATTGTATGTGGC-1_atac,CD14 Monocytes
CCACTTGGTGGTTCTT-1_atac,Memory T cells
CCAGACTCATTGCGAC-1_atac,CD14 Monocytes
CCAGCCTGTTCACCCA-1_atac,Memory T cells
CCAGCTAAGCCGCTTT-1_atac,Memory T cells
CCAGGAACAAACTAAG-1_atac,CD14 Monocytes
CCAGGATGTTGGTTAG-1_atac,CD14 Monocytes
CCAGTTTGTAGTCAAT-1_atac,CD14 Monocytes
CCATAAGGTTTGTCTA-1_atac,Memory T cells
CCATAGCCAATAAGCA-1_atac,Memory T cells
CCATAGCCAATTGACT-1_atac,CD14 Monocytes
CCATCACTCGGTTTGG-1_atac,Memory T cells
CCATCATGTGCTTAGA-1_atac,CD14 Monocytes
CCCAAACCAGAAATGC-1_atac,CD14 Monocytes
CCCAAACCAGGATTAA-1_atac,CD14 Monocytes
CCCAAATAGTGAGCGG-1_atac,Memory T cells
CCCAGTTTCTGTTGCC-1_atac,Memory T cells
CCCAGTTTCTTGGACG-1_atac,Memory T cells
CCCATAACAGGAACCA-1_atac,Memory T cells
CCCGTAAAGTTAGAGG-1_atac,Memory T cells
CCCGTTGTCAACAAGG-1_atac,CD14 Monocytes
CCCTCACCAACACCTA-1_atac,Memory T cells
CCCTCACCAGGCTAGA-1_atac,Memory T cells
CCCTCAGTCATTTGTC-1_atac,Memory T cells
CCCTCATAGCTATTAG-1_atac,CD14 Monocytes
CCCTGTTAGCTGTCAG-1_atac,Memory T cells
CCCTTAATCGATCAGT-1_atac,Memory T cells
CCGCACACATGAGCAG-1_atac,CD14 Monocytes
CCGCCAACAACCCTCC-1_atac,Memory T cells
CCGCTAAAGCTGGAAA-1_atac,Memory T cells
CCGCTAGCATGCTATG-1_atac,Memory T cells
CCGCTTAGTATCTGGA-1_atac,Memory T cells
CCGGTTAAGGAAGTAT-1_atac,NK/Effector T cells
CCGGTTAAGTCAGGCC-1_atac,Memory T cells
CCGTTATGTGCTTAGA-1_atac,CD14 Monocytes
CCGTTTGGTCCTTAGT-1_atac,CD14 Monocytes
CCTAAGCCAGTAGGTG-1_atac,Memory T cells
CCTAAGCCATAAGTTC-1_atac,Memory T cells
CCTAAGCCATTGTGCA-1_atac,B cells
CCTAAGGTCCTGGCTT-1_atac,Memory T cells
CCTAATCGTGTAACCA-1_atac,CD14 Monocytes
CCTAATCGTTAGGCTA-1_atac,Memory T cells
CCTACTGGTCAAGTGC-1_atac,Memory T cells
CCTACTTCATAAGCAA-1_atac,Memory T cells
CCTATAGCAATTAGCT-1_atac,CD14 Monocytes
CCTATATTCTAACCAA-1_atac,Memory T cells
CCTATTGTCCCTCAAC-1_atac,Memory T cells
CCTCAAACATCGTTCT-1_atac,Memory T cells
CCTCAATGTTGGATAT-1_atac,Memory T cells
CCTCCTGAGTTCCTCA-1_atac,Memory T cells
CCTGAGTCAGGCCAAA-1_atac,Memory T cells
CCTGATGAGGGACGCA-1_atac,CD14 Monocytes
CCTGGATCAGTTTACG-1_atac,Memory T cells
CCTGTAACAGGTTAAA-1_atac,Memory T cells
CCTGTTGGTCACAGCG-1_atac,Memory T cells
CCTTAGTGTCCTAGTT-1_atac,Memory T cells
CCTTAGTGTGTGTCCC-1_atac,Memory T cells
CCTTATGTCACACAGT-1_atac,Memory T cells
CCTTCGGTCACAGACT-1_atac,CD14 Monocytes
CCTTGCGTCACAGGAA-1_atac,Memory T cells
CCTTTAGTCGATTATG-1_atac,Memory T cells
CCTTTAGTCTAGCTAA-1_atac,Memory T cells
CGAAATGAGGGCCATC-1_atac,Memory T cells
CGAAATGAGGTTAGCT-1_atac,CD14 Monocytes
CGAAATGAGTGAACCT-1_atac,CD14 Monocytes
CGAACAAAGGAACACA-1_atac,Memory T cells
CGAACAAAGTCATTTC-1_atac,CD14 Monocytes
CGAAGGCCAACCTAAT-1_atac,CD14 Monocytes
CGAATATGTGTGAGGA-1_atac,CD14 Monocytes
CGAATATGTTCATTTG-1_atac,CD14 Monocytes
CGAGGCAAGTCACCAG-1_atac,B cells
CGAGTCGGTATTCGCT-1_atac,CD14 Monocytes
CGAGTCGGTGGCTTCC-1_atac,Memory T cells
CGATGTCCAAAGCGCA-1_atac,Memory T cells
CGATGTCCAACTAGCC-1_atac,Memory T cells
CGATGTCCAAGCTACC-1_atac,Memory T cells
CGATGTCCAATTAGCT-1_atac,CD14 Monocytes
CGATGTCCAGGCTTGT-1_atac,Memory T cells
CGATGTCCAGGTTAAA-1_atac,Memory T cells
CGATTCCTCAGCACCA-1_atac,CD14 Monocytes
CGATTCCTCTTGATGA-1_atac,CD14 Monocytes
CGCAATCCAATATACC-1_atac,Memory T cells
CGCAATGTCCCATAGG-1_atac,Memory T cells
CGCAATTAGCTTAGCG-1_atac,Memory T cells
CGCATGATCCCTGGTT-1_atac,Memory T cells
CGCATTACAGGTCCTG-1_atac,CD14 Monocytes
CGCATTACAGTTGCGT-1_atac,CD14 Monocytes
CGCCACACAACTAGAA-1_atac,Memory T cells
CGCCTGTGTGCTAGAC-1_atac,Memory T cells
CGCCTGTGTGGTTCTT-1_atac,CD14 Monocytes
CGCTAACCAATTGCGC-1_atac,CD14 Monocytes
CGCTAACCATAATGTC-1_atac,CD14 Monocytes
CGCTAATAGCGCTAAT-1_atac,Memory T cells
CGCTAATAGTGAGGTA-1_atac,Memory T cells
CGCTACTTCGTTACAA-1_atac,B cells
CGCTCAGCACAAAGCG-1_atac,Memory T cells
CGCTCCATCACCGGTA-1_atac,Memory T cells
CGCTGTGCAATCGCAC-1_atac,CD14 Monocytes
CGCTTAACACTTGTTC-1_atac,CD14 Monocytes
CGCTTCTAGTCATTGA-1_atac,CD14 Monocytes
CGGAATCGTGAGCAAG-1_atac,Memory T cells
CGGACAACACCCTCAC-1_atac,Memory T cells
CGGATTAGTTTCCTCC-1_atac,CD14 Monocytes
CGGCAATGTGTGCAAC-1_atac,Memory T cells
CGGCTCACATGAATCT-1_atac,Memory T cells
CGGGACAAGACAGGTA-1_atac,Memory T cells
CGGGACAAGCCTAACG-1_atac,Memory T cells
CGGGACAAGCTCGCTT-1_atac,CD14 Monocytes
CGGGCTTAGTAGCGGG-1_atac,Memory T cells
CGGGTATGTTACTTCA-1_atac,CD14 Monocytes
CGGGTCTAGGTCTTGG-1_atac,Memory T cells
CGGTGAACAAGTTATC-1_atac,Memory T cells
CGGTGAGAGCGAAGTA-1_atac,CD14 Monocytes
CGTAACCCAAGGTGCA-1_atac,Memory T cells
CGTACGGGTTCCGCAC-1_atac,Memory T cells
CGTAGCGGTAATGGAA-1_atac,NK/Effector T cells
CGTCAATAGTCCTTCA-1_atac,CD14 Monocytes
CGTGCTGCAACACCTA-1_atac,CD14 Monocytes
CGTGCTGCAAGCCACT-1_atac,Memory T cells
CGTTAAATCCACCTGT-1_atac,Memory T cells
CGTTAACAGCTTAGCG-1_atac,Memory T cells
CGTTAGTAGGCCCAGT-1_atac,Memory T cells
CGTTTCTCAGCTAACC-1_atac,CD14 Monocytes
CGTTTCTCATACTCCT-1_atac,B cells
CGTTTGTGTTTGCAGA-1_atac,CD14 Monocytes
CTAAAGCTCAATGAGG-1_atac,Memory T cells
CTAAAGCTCCTCCCTC-1_atac,Memory T cells
CTAAATGTCAATCATG-1_atac,Memory T cells
CTAACCACAGCTTAAT-1_atac,Memory T cells
CTAACCTGTTCCGCAC-1_atac,CD14 Monocytes
CTAAGGTTCGGCCATA-1_atac,Memory T cells
CTAAGTCAGGTCATTA-1_atac,Memory T cells
CTAAGTCAGTCTATGA-1_atac,Memory T cells
CTAATCCGTCATAGAT-1_atac,Memory T cells
CTAATGTCAAGGTAAC-1_atac,CD14 Monocytes
CTAATGTCAGTGAACG-1_atac,CD14 Monocytes
CTAATTGAGCTTTGGG-1_atac,Memory T cells
CTAGCTTGTATTTGGG-1_atac,Memory T cells
CTAGCTTGTCTTGCTG-1_atac,CD14 Monocytes
CTAGGCGGTTACCGGG-1_atac,CD14 Monocytes
CTAGTAATCAATACGC-1_atac,CD14 Monocytes
CTAGTAATCGGTTAGT-1_atac,CD14 Monocytes
CTAGTCGAGCAAGATG-1_atac,Memory T cells
CTAGTGAGTCCACAAA-1_atac,CD14 Monocytes
CTAGTTGCAAACTGTT-1_atac,Memory T cells
CTATGATCAGTAGGTG-1_atac,CD14 Monocytes
CTATTGAAGTCACTAA-1_atac,B cells
CTCACTCAGTAGGCGG-1_atac,CD14 Monocytes
CTCAGGATCAGGTCCA-1_atac,NK/Effector T cells
CTCAGGATCGAGGTGG-1_atac,CD14 Monocytes
CTCCCTGAGCGAAGTA-1_atac,Memory T cells
CTCCCTGAGGCGGATG-1_atac,Memory T cells
CTCCGGACACAACCTA-1_atac,Memory T cells
CTCCGTCCAATTAGCT-1_atac,CD14 Monocytes
CTCCGTCCAGTGAACG-1_atac,CD14 Monocytes
CTCCTAATCGAGGAGT-1_atac,CD14 Monocytes
CTCCTCACACATACTG-1_atac,CD14 Monocytes
CTCCTGAGTGTTCCCA-1_atac,Memory T cells
CTCGACAAGACTCGCA-1_atac,Memory T cells
CTCGCTAGTACAATGT-1_atac,Memory T cells
CTCGCTCCACCAGCAT-1_atac,Memory T cells
CTCTATGTCGCAACAT-1_atac,Memory T cells
CTCTATGTCGTGCTTC-1_atac,Memory T cells
CTCTCACAGTTAGAGG-1_atac,CD14 Monocytes
CTCTGTTCAGGCTTGT-1_atac,Memory T cells
CTCTGTTCATTCCTCG-1_atac,CD14 Monocytes
CTGACCAAGGTGCGGA-1_atac,CD14 Monocytes
CTGACCAAGTGCTGTG-1_atac,B cells
CTGCAATAGGCATGAA-1_atac,CD14 Monocytes
CTGGACCAGACAGGCG-1_atac,CD14 Monocytes
CTGGACCAGCATGGTT-1_atac,CD14 Monocytes
CTGGCTAAGCTATATG-1_atac,CD14 Monocytes
CTGGTCAAGGCACAGG-1_atac,Memory T cells
CTGGTTACAAGGTGGC-1_atac,Memory T cells
CTGTACCTCTCGCCCA-1_atac,B cells
CTGTATTTCACAAGCT-1_atac,Memory T cells
CTGTGTGAGCGCCTAA-1_atac,Memory T cells
CTGTTCATCAGTTCCC-1_atac,CD14 Monocytes
CTGTTGGAGCATGTTA-1_atac,Memory T cells
CTGTTGGAGCCGCAGT-1_atac,Memory T cells
CTGTTGGAGGCTACAT-1_atac,Memory T cells
CTTAAGGGTTGGTTCT-1_atac,CD14 Monocytes
CTTACTAGTTCCGGGA-1_atac,CD14 Monocytes
CTTAGGAGTTACAAAC-1_atac,Memory T cells
CTTAGTTTCGATTTAG-1_atac,Memory T cells
CTTATTGGTCGACTAA-1_atac,CD14 Monocytes
CTTCAATTCAGCATTA-1_atac,CD14 Monocytes
CTTCACTCACACTAAT-1_atac,Memory T cells
CTTCATCCAACAGGTG-1_atac,Memory T cells
CTTCGCGTCCGTTATT-1_atac,CD14 Monocytes
CTTGAATCATTCCTCG-1_atac,Memory T cells
CTTGACGAGTCACTCC-1_atac,Memory T cells
CTTGCAACACAGACTC-1_atac,Memory T cells
CTTGCGCGTCCGGTTC-1_atac,Memory T cells
CTTGCGCGTTAACGGC-1_atac,Memory T cells
CTTGGACCAAACTGCC-1_atac,CD14 Monocytes
CTTGGACCACCAACCG-1_atac,CD14 Monocytes
CTTGTCCAGACAAGTG-1_atac,CD14 Monocytes
CTTTAGGCAAGGCCAA-1_atac,Memory T cells
CTTTAGTTCATGCATA-1_atac,Memory T cells
CTTTAGTTCATTTGTC-1_atac,Memory T cells
CTTTATGGTGCATCGG-1_atac,CD14 Monocytes
CTTTATGGTTGTCCAT-1_atac,Memory T cells
CTTTATGGTTTCGCCA-1_atac,Memory T cells
CTTTCTTGTACCGTTT-1_atac,CD14 Monocytes
CTTTCTTGTCCAAATG-1_atac,CD14 Monocytes
CTTTGGTGTACCTTAC-1_atac,CD14 Monocytes
CTTTGGTGTCGCATAA-1_atac,Memory T cells
GAAACCCGTATTTGGG-1_atac,CD14 Monocytes
GAACCTGTCATGTGGT-1_atac,CD14 Monocytes
GAACGAATCATTGCGG-1_atac,Memory T cells
GAAGCTAAGGACCGCT-1_atac,CD14 Monocytes
GAAGCTAAGTCTGGGC-1_atac,Memory T cells
GAAGGAACAGAAATTG-1_atac,Memory T cells
GAAGGCTAGGCAATAG-1_atac,Memory T cells
GAAGTAAGTCGTAATG-1_atac,B cells
GAAGTATAGGAAACTG-1_atac,Memory T cells
GAATTTGTCACAGCCA-1_atac,CD14 Monocytes
GACATTATCCATAATG-1_atac,Naive CD8 T cells
GACCGAACAACTCGCG-1_atac,Memory T cells
GACCGAACATGTTGGC-1_atac,Memory T cells
GACCTGATCATCCTCA-1_atac,CD14 Monocytes
GACTATTCACGTAATT-1_atac,CD14 Monocytes
GACTATTCAGTGAACG-1_atac,Memory T cells
GACTCACCACCACAAC-1_atac,Memory T cells
GACTTACAGCTACTGG-1_atac,Memory T cells
GACTTAGGTACTTCAC-1_atac,CD14 Monocytes
GACTTAGGTTGTTGTC-1_atac,CD14 Monocytes
GACTTAGGTTTAAAGC-1_atac,CD14 Monocytes
GACTTGGTCATTAGGC-1_atac,Memory T cells
GAGATAAGTTCACCCA-1_atac,CD14 Monocytes
GAGCAAATCATTGCAA-1_atac,Memory T cells
GAGCAAGGTAGACAAA-1_atac,CD14 Monocytes
GAGCCTTCAGCCTGCA-1_atac,Memory T cells
GAGCCTTCATTGTCCT-1_atac,Naive CD8 T cells
GAGCGATAGTTATGGC-1_atac,CD14 Monocytes
GAGCGGTCAAGGGTTG-1_atac,CD14 Monocytes
GAGCGGTCACCCTCAC-1_atac,Memory T cells
GAGCTAGCACACCAAC-1_atac,Memory T cells
GAGCTGCTCATAACTG-1_atac,Memory T cells
GAGCTGCTCATGCCTC-1_atac,CD14 Monocytes
GAGCTGCTCCTGTTCA-1_atac,B cells
GAGCTTGTCCTCCTAA-1_atac,CD14 Monocytes
GAGCTTGTCCTGAATA-1_atac,Memory T cells
GAGGACTAGCTAAAGG-1_atac,Memory T cells
GAGGAGGCATGCTATG-1_atac,CD14 Monocytes
GAGGCTTGTATTGAGT-1_atac,Memory T cells
GAGGGAGCAGCATGTC-1_atac,Memory T cells
GAGGTACAGGACCGCT-1_atac,Memory T cells
GAGGTAGGTAGGTTAT-1_atac,Memory T cells
GAGGTGAGTAAGCACC-1_atac,Memory T cells
GAGGTGAGTAGCCTAA-1_atac,CD14 Monocytes
GAGGTGAGTAGGTTAT-1_atac,CD14 Monocytes
GAGGTGAGTGTGTGGT-1_atac,Memory T cells
GAGGTGAGTGTTTCAC-1_atac,Memory T cells
GAGTAACCAGATAGAC-1_atac,CD14 Monocytes
GAGTAACCATGAGCAG-1_atac,CD14 Monocytes
GATAAAGGTTTATGGG-1_atac,CD14 Monocytes
GATAACGAGCTTAGCG-1_atac,CD14 Monocytes
GATAACGAGTCAATTG-1_atac,CD14 Monocytes
GATAACGAGTTAGCTA-1_atac,Memory T cells
GATAAGCCAAGACTCC-1_atac,Memory T cells
GATAATCGTACAAAGA-1_atac,Memory T cells
GATAGACCACTCAACA-1_atac,CD14 Monocytes
GATCACTAGGACCTCA-1_atac,Memory T cells
GATCAGTTCAATCATG-1_atac,CD14 Monocytes
GATCAGTTCGGTCAAT-1_atac,Memory T cells
GATCCGTCAGTTAAAG-1_atac,Memory T cells
GATCGCTCATTAGCCA-1_atac,Memory T cells
GATGCAGCAAGGATTA-1_atac,CD14 Monocytes
GATGCAGCACGTTACA-1_atac,CD14 Monocytes
GATGCTTAGGAGCACG-1_atac,B cells
GATGGCTGTACGATTG-1_atac,CD14 Monocytes
GATGGCTGTCCGCTGT-1_atac,CD14 Monocytes
GATTACGGTTGGATCA-1_atac,Memory T cells
GATTACTCAATTGAAG-1_atac,Memory T cells
GATTACTCAGGAACTG-1_atac,Memory T cells
GATTACTCAGTTAAAG-1_atac,B cells
GATTAGCTCTAAGTGC-1_atac,Memory T cells
GATTATGTCAAACACC-1_atac,Memory T cells
GATTATGTCCTCACTA-1_atac,Memory T cells
GATTCAATCGCTTCTA-1_atac,Naive CD8 T cells
GATTCAATCTGTAATG-1_atac,B cells
GATTGCAGTGAGGTGA-1_atac,CD14 Monocytes
GATTGGCGTACCAGGT-1_atac,Memory T cells
GATTGGCGTGTTAGCA-1_atac,B cells
GATTGGTTCCCGAAGC-1_atac,Memory T cells
GCAAACAAGCAAACCT-1_atac,CD14 Monocytes
GCAAACTTCACTCAAA-1_atac,CD14 Monocytes
GCAAACTTCAGGATGA-1_atac,CD14 Monocytes
GCAAGCCTCTCGCCTG-1_atac,Memory T cells
GCAATAGAGATTGAGG-1_atac,CD14 Monocytes
GCAATATGTAGGTTGC-1_atac,CD14 Monocytes
GCAATGAAGTAGCGGG-1_atac,B cells
GCAATGTTCATGACCG-1_atac,CD14 Monocytes
GCAATGTTCCTGGTCT-1_atac,CD14 Monocytes
GCACCTAAGGTGAAAT-1_atac,CD14 Monocytes
GCACGAACAGACAAAC-1_atac,Memory T cells
GCACGCTAGGAAACTG-1_atac,CD14 Monocytes
GCACTAAGTAACCAGC-1_atac,Memory T cells
GCACTAAGTTCATCTA-1_atac,Memory T cells
GCACTTACAGCAGGTA-1_atac,Memory T cells
GCAGCTATCTGTTGCC-1_atac,CD14 Monocytes
GCAGGAAGTCCCGAAG-1_atac,Memory T cells
GCAGGATAGAAAGGAA-1_atac,Memory T cells
GCAGGATAGTTAGGCT-1_atac,Memory T cells
GCAGGCAAGCAGGTTT-1_atac,CD14 Monocytes
GCAGGCAAGGACCTGC-1_atac,Memory T cells
GCATGAAAGCGAGGTG-1_atac,Memory T cells
GCATGAAAGGCAATAG-1_atac,Memory T cells
GCATTAGGTATGGTGC-1_atac,CD14 Monocytes
GCATTAGGTATTCGTC-1_atac,Memory T cells
GCCAACATCCGGCTAA-1_atac,CD14 Monocytes
GCCACACAGGTCCTGA-1_atac,Memory T cells
GCCACTAAGGAACCGG-1_atac,Memory T cells
GCCAGGAAGGAACCGG-1_atac,CD14 Monocytes
GCCAGGTTCCAAACAC-1_atac,CD14 Monocytes
GCCAGGTTCGTCAAGT-1_atac,CD14 Monocytes
GCCATTACAGCCTAAC-1_atac,Memory T cells
GCCCATAAGCCGCAGT-1_atac,Memory T cells
GCCTATTGTCATTGTC-1_atac,CD14 Monocytes
GCCTATTGTTATCCGT-1_atac,Memory T cells
GCCTCGACACGAATCC-1_atac,Memory T cells
GCCTCGACAGTGAACG-1_atac,CD14 Monocytes
GCCTGTGCAGGCGAGT-1_atac,CD14 Monocytes
GCCTTAACACAATGTT-1_atac,CD14 Monocytes
GCCTTAACACTTAGGC-1_atac,B cells
GCCTTAACAGCATGAG-1_atac,Memory T cells
GCCTTAACAGGCGAGT-1_atac,CD14 Monocytes
GCCTTACTCACTAAGC-1_atac,Memory T cells
GCCTTACTCTTGCTAT-1_atac,Memory T cells
GCCTTAGAGCTGCACA-1_atac,CD14 Monocytes
GCCTTAGAGTTATGGC-1_atac,Memory T cells
GCCTTGCGTCATAACG-1_atac,CD14 Monocytes
GCCTTGCGTTAAGCTG-1_atac,CD14 Monocytes
GCGAAGTAGGGTGAAC-1_atac,CD14 Monocytes
GCGCAAACATAAGCAA-1_atac,Memory T cells
GCGCTAGGTTTGCGCC-1_atac,Memory T cells
GCGCTTAAGCTCCCTG-1_atac,NK/Effector T cells
GCGCTTGCATTAGCCA-1_atac,B cells
GCGGAACCAAGCTTTG-1_atac,Memory T cells
GCGGAACCACAAAGGT-1_atac,Memory T cells
GCGGAACCATCACAGC-1_atac,Memory T cells
GCGGGTTTCCCTGTTA-1_atac,CD14 Monocytes
GCGTGCTAGCCTGATG-1_atac,Memory T cells
GCTAACAGTAAATTGC-1_atac,Memory T cells
GCTAACAGTGGATTAT-1_atac,Naive CD8 T cells
GCTAACAGTTTAACCC-1_atac,CD14 Monocytes
GCTAACCCAAGGAATC-1_atac,CD14 Monocytes
GCTAAGCGTTAAGCGC-1_atac,Memory T cells
GCTAGCTCATCCATCT-1_atac,Memory T cells
GCTAGTGTCAAACACC-1_atac,CD14 Monocytes
GCTATCCTCAAATCGC-1_atac,CD14 Monocytes
GCTATTGCAACCCTAA-1_atac,CD14 Monocytes
GCTCAACCATTTGCTC-1_atac,Memory T cells
GCTCACAAGCTCGCTT-1_atac,Memory T cells
GCTCCTTAGCTTTGTT-1_atac,CD14 Monocytes
GCTCGATCAGTCTAAT-1_atac,Memory T cells
GCTCTGGCAGTAGGTG-1_atac,CD14 Monocytes
GCTCTGTTCCATAATG-1_atac,Memory T cells
GCTCTGTTCTGTTGCC-1_atac,CD14 Monocytes
GCTCTGTTCTTAGCGG-1_atac,CD14 Monocytes
GCTGACCAGTCCTGAG-1_atac,CD14 Monocytes
GCTGAGGAGCACCACA-1_atac,CD14 Monocytes
GCTGCACAGTTTGCGG-1_atac,CD14 Monocytes
GCTGGATGTGCATTAG-1_atac,CD14 Monocytes
GCTGTGCAGCTAATCA-1_atac,Memory T cells
GCTTAAATCCTTTACG-1_atac,CD14 Monocytes
GCTTACCTCGAGGAAC-1_atac,CD14 Monocytes
GCTTCGCGTCAGGCAT-1_atac,CD14 Monocytes
GCTTCGCGTGCTTACT-1_atac,Memory T cells
GCTTGACCAGCATGGA-1_atac,CD14 Monocytes
GCTTGTTGTACCGAAC-1_atac,CD14 Monocytes
GCTTTATTCGGCCAGT-1_atac,Memory T cells
GCTTTCATCATGCAAC-1_atac,Naive CD8 T cells
GCTTTGTGTGTAACCA-1_atac,CD14 Monocytes
GCTTTGTGTTCACCCA-1_atac,CD14 Monocytes
GGAAACTCAAGCCAGA-1_atac,CD14 Monocytes
GGAAACTCACCAAAGG-1_atac,Memory T cells
GGAACCACAAGGTATA-1_atac,CD14 Monocytes
GGAACCACACTAGCGT-1_atac,Memory T cells
GGAACCACAGTAGGTG-1_atac,Memory T cells
GGAAGCTAGGCAAGTA-1_atac,Memory T cells
GGAATCTTCCCATAAA-1_atac,B cells
GGACAGCCATAATGAG-1_atac,Memory T cells
GGACAGCCATGTTGTG-1_atac,Memory T cells
GGACCTCAGGAGTCTT-1_atac,CD14 Monocytes
GGACCTCAGTTAGAGG-1_atac,Memory T cells
GGACGAAGTGTGTCCC-1_atac,Memory T cells
GGACGAAGTTGAGCCG-1_atac,CD14 Monocytes
GGAGGTTAGACTAAGG-1_atac,Memory T cells
GGAGGTTAGACTTATG-1_atac,Memory T cells
GGAGGTTAGGCTCATG-1_atac,B cells
GGAGTCTGTTATCCGT-1_atac,Memory T cells
GGATAACCAAGATTCT-1_atac,Memory T cells
GGATAACCAATTAGGA-1_atac,CD14 Monocytes
GGATGAATCGTTAACA-1_atac,CD14 Monocytes
GGATGGCCACACTAAT-1_atac,CD14 Monocytes
GGATTATGTAAGCTTG-1_atac,Memory T cells
GGATTATGTTGTTCAC-1_atac,Memory T cells
GGCAAATCAAGCCAGA-1_atac,CD14 Monocytes
GGCAAATCAGGATTAA-1_atac,CD14 Monocytes
GGCAAATCATAATCGT-1_atac,Memory T cells
GGCAAATCATTAAGTC-1_atac,Memory T cells
GGCAAGCCAGTTATCG-1_atac,CD14 Monocytes
GGCATGGAGCACAGAA-1_atac,CD14 Monocytes
GGCCTAATCATTGTCT-1_atac,Memory T cells
GGCGGTTTCACCTGCT-1_atac,CD14 Monocytes
GGCGTTATCGAGGTGG-1_atac,Memory T cells
GGCTAGTGTCCAAGAC-1_atac,CD14 Monocytes
GGCTAGTGTTGTTCAC-1_atac,NK/Effector T cells
GGCTAGTGTTTAAAGC-1_atac,CD14 Monocytes
GGCTATGTCTCCTCAA-1_atac,CD14 Monocytes
GGCTCAATCATGCGTG-1_atac,CD14 Monocytes
GGCTCAATCGTTAACA-1_atac,Memory T cells
GGCTCACAGCTACTGG-1_atac,NK/Effector T cells
GGCTCACAGTTGTCCC-1_atac,Memory T cells
GGCTCACAGTTTCCTG-1_atac,CD14 Monocytes
GGCTGAGAGACCATAC-1_atac,NK/Effector T cells
GGGAGTAGTGCTTACT-1_atac,CD14 Monocytes
GGGATAATCCCGTTGT-1_atac,Naive CD8 T cells
GGGATTAAGGCTTAGT-1_atac,Memory T cells
GGGCCTAGTAAGGTCC-1_atac,CD14 Monocytes
GGGCCTAGTAGGTGTC-1_atac,Memory T cells
GGGCGAATCGAAGCGG-1_atac,CD14 Monocytes
GGGCGAATCGGGATTT-1_atac,Memory T cells
GGGTATTTCAGTTCCC-1_atac,Memory T cells
GGGTATTTCGGCTATG-1_atac,CD14 Monocytes
GGGTGAAGTACTTAGG-1_atac,Memory T cells
GGGTGAAGTCACAAAT-1_atac,Memory T cells
GGGTGTTGTTACTTGC-1_atac,Memory T cells
GGGTTACGTAACTACG-1_atac,CD14 Monocytes
GGGTTACGTGAGGTGA-1_atac,CD14 Monocytes
GGGTTATTCCGGTTAG-1_atac,CD14 Monocytes
GGGTTATTCGACAAAG-1_atac,Memory T cells
GGGTTTCCACAACAAA-1_atac,CD14 Monocytes
GGGTTTGTCATCCTCA-1_atac,Memory T cells
GGTAACTTCACCGGTA-1_atac,Memory T cells
GGTAACTTCTTGAGCG-1_atac,CD14 Monocytes
GGTAATTGTTCCGGGA-1_atac,CD14 Monocytes
GGTACTAGTAAGTCGC-1_atac,CD14 Monocytes
GGTACTAGTCGCAATA-1_atac,Memory T cells
GGTACTAGTTCCATTA-1_atac,CD14 Monocytes
GGTAGGAGTCACTCGC-1_atac,Memory T cells
GGTAGGAGTTCCGGCT-1_atac,Memory T cells
GGTATTGGTGGCTTCC-1_atac,Memory T cells
GGTCAAGCAGGACACA-1_atac,Memory T cells
GGTCAATTCCTAAGAC-1_atac,CD14 Monocytes
GGTCAATTCGTCCTTA-1_atac,B cells
GGTCATTAGTGAGAGC-1_atac,Memory T cells
GGTCCATCAACAGCCT-1_atac,CD14 Monocytes
GGTCCGTAGGAAGCTA-1_atac,Memory T cells
GGTCCGTAGTGAACAG-1_atac,Memory T cells
GGTCGGTTCACTTTAC-1_atac,Memory T cells
GGTCGGTTCATCAGTA-1_atac,Memory T cells
GGTCTTGAGGCCGGAA-1_atac,CD14 Monocytes
GGTCTTGAGGGATGCG-1_atac,Memory T cells
GGTGAGGTCATTACGA-1_atac,Memory T cells
GGTGAGTAGCGAGTAA-1_atac,Memory T cells
GGTGATTTCCTCATGC-1_atac,CD14 Monocytes
GGTGCTTCAAACCTAT-1_atac,B cells
GGTGCTTCACCGTTCC-1_atac,CD14 Monocytes
GGTGCTTCATTATGCG-1_atac,CD14 Monocytes
GGTGTGACACTTCACT-1_atac,Memory T cells
GGTGTTGTCCTTGCAC-1_atac,CD14 Monocytes
GGTGTTGTCGAAGCGG-1_atac,CD14 Monocytes
GGTGTTGTCGAGGAGT-1_atac,Memory T cells
GGTTACCCACAGCCAT-1_atac,CD14 Monocytes
GGTTACCCATAGACCC-1_atac,Memory T cells
GGTTATATCTAACCTT-1_atac,Memory T cells
GGTTATGGTGTCCAAA-1_atac,Memory T cells
GGTTATGGTTCATCTA-1_atac,Naive CD8 T cells
GGTTCTTGTAGGTTTG-1_atac,Memory T cells
GGTTGACGTCCGTGAG-1_atac,NK/Effector T cells
GGTTGAGCAATTTGGT-1_atac,CD14 Monocytes
GGTTGCATCTTTGAGA-1_atac,Memory T cells
GGTTGCTCAAACAACA-1_atac,Memory T cells
GGTTGGTGTCTCAGCC-1_atac,CD14 Monocytes
GGTTTAATCCTTAATC-1_atac,Memory T cells
GGTTTAATCCTTCGTA-1_atac,Memory T cells
GGTTTCCTCACATTGA-1_atac,CD14 Monocytes
GTAAGCGCAGGACCTT-1_atac,Memory T cells
GTAAGGTCAAGGGTTG-1_atac,Memory T cells
GTAAGGTCAATTAGGA-1_atac,CD14 Monocytes
GTAATAGCAAATATCC-1_atac,Memory T cells
GTAATAGCAACTGGCT-1_atac,Memory T cells
GTAATAGCAGGAAGCC-1_atac,Memory T cells
GTACTGGTCACTAGGT-1_atac,CD14 Monocytes
GTACTTCGTAATGGAA-1_atac,Memory T cells
GTAGCCATCCGTTAAA-1_atac,Memory T cells
GTAGGAGGTAATGGCC-1_atac,CD14 Monocytes
GTAGGAGGTGCTGGTG-1_atac,Memory T cells
GTAGGAGGTTGGTTCT-1_atac,CD14 Monocytes
GTAGGATCAGCTCATA-1_atac,CD14 Monocytes
GTAGGATCATGTTGCA-1_atac,CD14 Monocytes
GTAGTTTCAAAGCCTC-1_atac,Naive CD8 T cells
GTATCGCCAGCCTGCA-1_atac,Memory T cells
GTATTCAAGTTTGGGT-1_atac,Memory T cells
GTATTGATCCCGAAGC-1_atac,Memory T cells
GTCAAACTCATGCAAC-1_atac,CD14 Monocytes
GTCATCCTCACTTCAT-1_atac,CD14 Monocytes
GTCATTAAGGCGCTTA-1_atac,CD14 Monocytes
GTCATTAAGTTAGACC-1_atac,CD14 Monocytes
GTCCGTAAGTTCCCGT-1_atac,Memory T cells
GTCCTCCCAATAACGA-1_atac,CD14 Monocytes
GTCCTCCCACTCAACA-1_atac,Memory T cells
GTCGAAGCATTTGCTC-1_atac,CD14 Monocytes
GTCGAGGAGGCGGGTA-1_atac,CD14 Monocytes
GTCGAGGAGTTTCCTG-1_atac,Memory T cells
GTCGCAATCATCAGTA-1_atac,Memory T cells
GTCGCAATCATGCTCC-1_atac,Memory T cells
GTCGGTTCAATTTGGT-1_atac,Memory T cells
GTCTAACAGTAACGAG-1_atac,CD14 Monocytes
GTCTAATCATGTTGGC-1_atac,Memory T cells
GTCTAGCCAGCTCAAC-1_atac,Memory T cells
GTCTAGCCAGTTTACG-1_atac,Memory T cells
GTCTATGCATAATGAG-1_atac,CD14 Monocytes
GTCTATGCATAGCGAG-1_atac,Memory T cells
GTCTTTAGTCACAGCG-1_atac,B cells
GTCTTTGTCCTAATTC-1_atac,Memory T cells
GTGAATCTCCGGTATG-1_atac,Memory T cells
GTGATGAAGGAGGACT-1_atac,Memory T cells
GTGATGAAGGATAAAC-1_atac,Memory T cells
GTGCAAGCATTCCTGT-1_atac,CD14 Monocytes
GTGCCTTTCAATTACG-1_atac,Memory T cells
GTGCCTTTCCTGATGG-1_atac,CD14 Monocytes
GTGCGCAGTGGTTAGC-1_atac,Memory T cells
GTGCGCAGTTTGCAGA-1_atac,B cells
GTGCGGTTCTCACACC-1_atac,CD14 Monocytes
GTGCTCCGTCGCAATA-1_atac,Memory T cells
GTGCTCCGTGCAACTA-1_atac,Memory T cells
GTGCTCCGTTACCTGT-1_atac,Memory T cells
GTGCTGATCGTTTCCA-1_atac,Memory T cells
GTGCTGGGTACCTTAC-1_atac,Memory T cells
GTGCTGGGTCGCGCAA-1_atac,CD14 Monocytes
GTGCTTCTCATTACAG-1_atac,Memory T cells
GTGCTTCTCTGCAACG-1_atac,Memory T cells
GTGGACACAATCCCTT-1_atac,B cells
GTGGACACACGGTACT-1_atac,CD14 Monocytes
GTGGACACATAATCCG-1_atac,B cells
GTGGATGCAACCCTAA-1_atac,Memory T cells
GTGGATGCAGTTAAAG-1_atac,Memory T cells
GTGTAACTCCTGAGTG-1_atac,B cells
GTGTCCAAGGAAACTG-1_atac,Memory T cells
GTGTCCAAGTTATCCT-1_atac,CD14 Monocytes
GTGTGAGCAGCACGTT-1_atac,Memory T cells
GTGTGCGGTAACCACA-1_atac,Memory T cells
GTGTGCGGTATTGTCC-1_atac,CD14 Monocytes
GTGTTACAGCCTCTGT-1_atac,Memory T cells
GTGTTACAGTCGCTAG-1_atac,Memory T cells
GTGTTACAGTTACCGG-1_atac,Memory T cells
GTGTTCCTCGTGCTTC-1_atac,CD14 Monocytes
GTGTTCCTCTATCGCC-1_atac,Memory T cells
GTTAACGGTCCGGTTC-1_atac,CD14 Monocytes
GTTAAGCTCTTGCAAA-1_atac,CD14 Monocytes
GTTAATGTCATTATGG-1_atac,Memory T cells
GTTACAGGTCATAAGT-1_atac,CD14 Monocytes
GTTACAGGTTGGTGAC-1_atac,Memory T cells
GTTACTAAGCTTGCTC-1_atac,CD14 Monocytes
GTTACTCGTTAGGACC-1_atac,Memory T cells
GTTCCCAGTAATCCCT-1_atac,CD14 Monocytes
GTTCCCAGTCCAAGAC-1_atac,Memory T cells
GTTCCTTCAAGCTAAA-1_atac,Memory T cells
GTTCCTTCAATCATGT-1_atac,CD14 Monocytes
GTTCCTTCAGGCATCT-1_atac,Memory T cells
GTTCTTAGTGTTGCTT-1_atac,CD14 Monocytes
GTTCTTAGTTGTTGCT-1_atac,CD14 Monocytes
GTTCTTGTCATTTAGG-1_atac,CD14 Monocytes
GTTGCCCGTTTACCGT-1_atac,Memory T cells
GTTGCTGAGCTCAAAC-1_atac,Memory T cells
GTTGGCCAGGGTGGAT-1_atac,Memory T cells
GTTGGCGGTGCTGTAA-1_atac,CD14 Monocytes
GTTGTTGCACATTAAC-1_atac,Memory T cells
GTTGTTGCACGAACAG-1_atac,Memory T cells
GTTTAACCATCATGGC-1_atac,Memory T cells
GTTTACCGTTTAAAGC-1_atac,Memory T cells
GTTTATCTCGCTCCAT-1_atac,Memory T cells
GTTTGCTGTATCTGGA-1_atac,CD14 Monocytes
GTTTGCTGTTGCAATG-1_atac,Memory T cells
GTTTGTAAGGCCAATT-1_atac,CD14 Monocytes
TAAAGCCTCAATGAGG-1_atac,Memory T cells
TAACCGGTCATTAGTG-1_atac,CD14 Monocytes
TAACCTAAGTAGCGGG-1_atac,CD14 Monocytes
TAAGCCAGTAAGCACC-1_atac,CD14 Monocytes
TAAGCCAGTACAAAGA-1_atac,CD14 Monocytes
TAAGCCTAGACAGGCG-1_atac,NK/Effector T cells
TAAGCTGGTTAATGCG-1_atac,Memory T cells
TAAGCTGGTTATCGAG-1_atac,CD14 Monocytes
TAAGGACCACCTGGTG-1_atac,CD14 Monocytes
TAAGGACCATAGCGGA-1_atac,CD14 Monocytes
TAAGGCTTCAGGGCCT-1_atac,CD14 Monocytes
TAAGGCTTCATAATCG-1_atac,CD14 Monocytes
TAAGGCTTCGGCTATG-1_atac,CD14 Monocytes
TAATCCGCAAACGCGA-1_atac,CD14 Monocytes
TAATGCATCCGCAACA-1_atac,CD14 Monocytes
TAATGCATCCGCCTAT-1_atac,Memory T cells
TAATGGACATAGGCGA-1_atac,CD14 Monocytes
TAATGGTGTAGCAGCT-1_atac,B cells
TAATTGCCAAATGCCC-1_atac,Memory T cells
TAATTGCCACCTGCTC-1_atac,Memory T cells
TACAATGTCATCAGTA-1_atac,Memory T cells
TACAATGTCGAAGTAG-1_atac,CD14 Monocytes
TACAGCTAGCTCCTTA-1_atac,Memory T cells
TACCGAAGTTGGGTTA-1_atac,Memory T cells
TACCGCAAGACTCGCA-1_atac,Memory T cells
TACCTTAGTTCAAGCA-1_atac,Memory T cells
TACCTTAGTTGCGGAT-1_atac,CD14 Monocytes
TACCTTTAGGACAACA-1_atac,Memory T cells
TACCTTTAGGCTGTGC-1_atac,Memory T cells
TACCTTTAGGTGAAAT-1_atac,Memory T cells
TACCTTTAGGTGTCCA-1_atac,CD14 Monocytes
TACCTTTAGTCTTGAA-1_atac,Memory T cells
TACGCACCATGTTTGG-1_atac,B cells
TACGGTTAGCTTAACA-1_atac,Memory T cells
TACGTACAGTTAGTGC-1_atac,CD14 Monocytes
TACTAAGTCCAATAGC-1_atac,CD14 Monocytes
TACTGAGGTTAATGCG-1_atac,Memory T cells
TACTGCACAGCAACCT-1_atac,CD14 Monocytes
TACTGGCCAGCTTAAT-1_atac,CD14 Monocytes
TACTTGTTCCGCCTAT-1_atac,Memory T cells
TAGCAGGCAAGGTACG-1_atac,CD14 Monocytes
TAGCAGGCAAGTTATC-1_atac,CD14 Monocytes
TAGCAGGCATAATCAC-1_atac,Memory T cells
TAGCATATCCGGTATG-1_atac,CD14 Monocytes
TAGCCTTGTCATAACG-1_atac,CD14 Monocytes
TAGCGCGGTACGCGCA-1_atac,Memory T cells
TAGCGCGGTTGCCTCA-1_atac,Naive CD8 T cells
TAGCGGCTCTCCATGC-1_atac,CD14 Monocytes
TAGCTAATCACGTTAA-1_atac,Memory T cells
TAGCTAATCATGCGTG-1_atac,Memory T cells
TAGCTAATCTCCATAT-1_atac,CD14 Monocytes
TAGCTAGGTTGCAATG-1_atac,CD14 Monocytes
TAGCTTAAGGCGCTAC-1_atac,Memory T cells
TAGCTTGCATCAATCG-1_atac,Memory T cells
TAGGAGGGTTACAACG-1_atac,Memory T cells
TAGGAGGGTTATCGAG-1_atac,Memory T cells
TAGGAGTCATCGCTCC-1_atac,Memory T cells
TAGGAGTCATTGTGGC-1_atac,CD14 Monocytes
TAGGCTGTCAATGAGG-1_atac,CD14 Monocytes
TAGGCTGTCAATTGGC-1_atac,Memory T cells
TAGGCTGTCGAGCTAT-1_atac,CD14 Monocytes
TAGGCTTAGGAAACTG-1_atac,Memory T cells
TAGGGTTTCGCATCCT-1_atac,Memory T cells
TAGGTTATCTTGAGCG-1_atac,Memory T cells
TAGTAAGCATCCCGCT-1_atac,Memory T cells
TAGTACGGTGGATTGC-1_atac,Memory T cells
TAGTACGGTTAAGCCA-1_atac,Memory T cells
TAGTCAATCGTTCACC-1_atac,CD14 Monocytes
TAGTGGCGTGTCCAGG-1_atac,Memory T cells
TAGTGTGGTCGACTCC-1_atac,Naive CD8 T cells
TATAACCCACTTACAG-1_atac,Memory T cells
TATAGCCAGCTTAGTA-1_atac,Memory T cells
TATATCCTCATTAGCA-1_atac,CD14 Monocytes
TATCACAAGCAAGGGT-1_atac,CD14 Monocytes
TATCACAAGTTTGCGG-1_atac,CD14 Monocytes
TATCGAGGTTGTAAAC-1_atac,Memory T cells
TATCGAGGTTTATCTG-1_atac,Memory T cells
TATCGCACAAGTGAAC-1_atac,Memory T cells
TATGAAGCAATAATCC-1_atac,CD14 Monocytes
TATGCATCATGTTTGG-1_atac,Memory T cells
TATGGATGTGGACCTG-1_atac,Memory T cells
TATGGCCCAAATTCGT-1_atac,Memory T cells
TATGGCCCATAGCGGA-1_atac,CD14 Monocytes
TATGGGCGTTACCTGT-1_atac,Memory T cells
TATGGGCGTTAGCTGA-1_atac,Memory T cells
TATGGGCGTTCCGCAC-1_atac,NK/Effector T cells
TATGGTCAGTGAGCAA-1_atac,CD14 Monocytes
TATGTGATCCACCTTA-1_atac,Memory T cells
TATGTGATCCTAGTCC-1_atac,Memory T cells
TATGTGATCGGTAACT-1_atac,Memory T cells
TATTAGCCAGCAAATA-1_atac,CD14 Monocytes
TATTAGCCATTGTGTG-1_atac,Memory T cells
TATTAGGTCCCGTTGT-1_atac,Memory T cells
TATTGACCAGGCATGA-1_atac,CD14 Monocytes
TATTGACCAGGCTAGA-1_atac,CD14 Monocytes
TATTGACCATGAGTTT-1_atac,CD14 Monocytes
TATTTGCTCACAGGAA-1_atac,Memory T cells
TATTTGCTCTGTGCAG-1_atac,Memory T cells
TATTTGGAGTTTGGTA-1_atac,Memory T cells
TCAACAATCATCGTTT-1_atac,B cells
TCAACAATCCAAGTTA-1_atac,Memory T cells
TCAAGAACATGACTAT-1_atac,Memory T cells
TCAAGGAAGCACTAAC-1_atac,CD14 Monocytes
TCAAGGAAGTCACTCC-1_atac,CD14 Monocytes
TCAAGGAAGTTATTCC-1_atac,CD14 Monocytes
TCAAGGTTCCCTCTAA-1_atac,Memory T cells
TCAAGTATCCTGCGAA-1_atac,Memory T cells
TCAATCGCATTGCAGC-1_atac,Memory T cells
TCACCGGCAACTAGAA-1_atac,CD14 Monocytes
TCACCTGGTGTTTGCT-1_atac,CD14 Monocytes
TCAGCAAGTAATCACG-1_atac,CD14 Monocytes
TCAGCCTTCACGAATC-1_atac,Memory T cells
TCAGCCTTCCACAATA-1_atac,Memory T cells
TCAGCCTTCCCTGACT-1_atac,CD14 Monocytes
TCAGCCTTCGAGGTGG-1_atac,Memory T cells
TCAGCCTTCTTTAAGG-1_atac,Memory T cells
TCAGCGATCCTTGCAC-1_atac,CD14 Monocytes
TCAGGAGCATGGCCCA-1_atac,CD14 Monocytes
TCAGGTCCATCTTGAG-1_atac,Memory T cells
TCAGTGAGTTAATGAC-1_atac,CD14 Monocytes
TCATAACCAAGCCACT-1_atac,Memory T cells
TCATACTTCATTTGTC-1_atac,Memory T cells
TCATACTTCTAACCAA-1_atac,B cells
TCATACTTCTCTAGCC-1_atac,Memory T cells
TCATCCATCAGCCAAT-1_atac,Memory T cells
TCATCCATCCCGTTGT-1_atac,Memory T cells
TCATTGCGTAATCGTG-1_atac,CD14 Monocytes
TCATTGCGTTAGCAGC-1_atac,Memory T cells
TCATTTGGTCACAGCG-1_atac,Memory T cells
TCCAGCAAGGCTGTCA-1_atac,Memory T cells
TCCAGGTCAAGGTCCT-1_atac,Memory T cells
TCCATCATCCAATTAG-1_atac,CD14 Monocytes
TCCATGCTCATGCGTG-1_atac,CD14 Monocytes
TCCATGCTCGGGATTT-1_atac,CD14 Monocytes
TCCCTCACAAATACCT-1_atac,Naive CD8 T cells
TCCCTCACAAGTGTTT-1_atac,Memory T cells
TCCCTCACAATAATGG-1_atac,Memory T cells
TCCCTGGTCTAATCAG-1_atac,CD14 Monocytes
TCCGGAATCATGCTAA-1_atac,Memory T cells
TCCGGTAAGCTGTACG-1_atac,CD14 Monocytes
TCCGGTTTCGAGGTGG-1_atac,CD14 Monocytes
TCCTCAATCGACCTGA-1_atac,B cells
TCCTCAATCTTCAATC-1_atac,CD14 Monocytes
TCCTCACAGACAACGA-1_atac,Memory T cells
TCCTCACAGATACTTG-1_atac,Memory T cells
TCCTCACAGCCTGGTA-1_atac,Memory T cells
TCCTCACAGTTGGATC-1_atac,Memory T cells
TCCTGTTCAGCAACCT-1_atac,Memory T cells
TCCTTAGTCCCGAAGC-1_atac,CD14 Monocytes
TCCTTAGTCCGGTATG-1_atac,Memory T cells
TCCTTGCAGTACCGCA-1_atac,Memory T cells
TCCTTTACAGCACCAT-1_atac,Memory T cells
TCCTTTACAGTAAGTA-1_atac,CD14 Monocytes
TCGCCCATCGGGACCT-1_atac,CD14 Monocytes
TCGCGAGGTACAAAGA-1_atac,CD14 Monocytes
TCGCGAGGTATTGGTG-1_atac,Memory T cells
TCGCGCACATAGCTTG-1_atac,CD14 Monocytes
TCGGTAAGTATTGTCC-1_atac,CD14 Monocytes
TCGGTAAGTCGCAAAC-1_atac,Memory T cells
TCGGTTACAATGAATG-1_atac,Memory T cells
TCGTAATCAGCCTAAC-1_atac,Memory T cells
TCGTCAACAAGGGTTG-1_atac,CD14 Monocytes
TCGTCAACAGCAAATA-1_atac,NK/Effector T cells
TCGTGCTTCCCGAACA-1_atac,CD14 Monocytes
TCGTTAGCAGGCCTTG-1_atac,CD14 Monocytes
TCTAACCGTCACCTAT-1_atac,Memory T cells
TCTAGCCTCACCGGTA-1_atac,CD14 Monocytes
TCTCAAGCACGTGCTG-1_atac,Memory T cells
TCTCAAGCATTAGGTT-1_atac,Memory T cells
TCTCACCAGCCATCAG-1_atac,Memory T cells
TCTCACCAGTAATCCA-1_atac,Memory T cells
TCTCACCAGTGAACGA-1_atac,Memory T cells
TCTCGCCCAATTGAGA-1_atac,Memory T cells
TCTGGCTTCGGTTTGG-1_atac,Memory T cells
TCTTCAAGTGTTGTGA-1_atac,CD14 Monocytes
TCTTGTCCAATAACGA-1_atac,Memory T cells
TCTTTGTAGTCATTTC-1_atac,Memory T cells
TGAAACTGTGACATAT-1_atac,CD14 Monocytes
TGAACAACACCAGGTT-1_atac,Memory T cells
TGAAGGATCCGGTTGA-1_atac,Memory T cells
TGAAGTGAGCACAGAA-1_atac,Memory T cells
TGACTCCTCTTAGTCT-1_atac,B cells
TGACTTAAGAGAGGAG-1_atac,Memory T cells
TGAGAACCAAGCCAGA-1_atac,CD14 Monocytes
TGAGAACCAGGATAAC-1_atac,CD14 Monocytes
TGAGCACGTTAGAGGG-1_atac,Memory T cells
TGAGGAGGTGACATAT-1_atac,Memory T cells
TGAGGGAGTCAATACG-1_atac,Memory T cells
TGAGGTGCAGGAACAT-1_atac,Memory T cells
TGAGTGAAGTTCCTGC-1_atac,Memory T cells
TGATCAATCATCCTGC-1_atac,CD14 Monocytes
TGATCACAGGAAACTG-1_atac,Memory T cells
TGATCCTGTGTAACCA-1_atac,CD14 Monocytes
TGATCGAGTGGATGTC-1_atac,Memory T cells
TGATGAACAAGGTACG-1_atac,CD14 Monocytes
TGATGATGTATTGTGG-1_atac,CD14 Monocytes
TGATGATGTCTTTGAC-1_atac,CD14 Monocytes
TGATTAGTCTACCTGC-1_atac,Memory T cells
TGCATCCTCTTTGTAC-1_atac,Memory T cells
TGCCATTGTCCGTAGG-1_atac,B cells
TGCCGGTAGGATCCGC-1_atac,Memory T cells
TGCGGTTCATTATGGT-1_atac,B cells
TGCTATGCAACTAGAA-1_atac,Memory T cells
TGCTATGCATAGGCGA-1_atac,CD14 Monocytes
TGCTCAACAGCTCATA-1_atac,CD14 Monocytes
TGCTCACTCGCAGGCT-1_atac,CD14 Monocytes
TGCTCTCAGCAATAGG-1_atac,Memory T cells
TGCTTCATCGCTAGAT-1_atac,Memory T cells
TGCTTTAGTGTTAAAC-1_atac,CD14 Monocytes
TGGAACAAGTTCCTGC-1_atac,Memory T cells
TGGACCGGTGTGCAAC-1_atac,Memory T cells
TGGACGGAGTTACCGG-1_atac,CD14 Monocytes
TGGATTGGTAGACAAA-1_atac,Memory T cells
TGGCCATCACCATATG-1_atac,Memory T cells
TGGCCATCACCGGCTA-1_atac,Memory T cells
TGGCCATCATTGCGAC-1_atac,CD14 Monocytes
TGGCCTGCAACAGGTG-1_atac,Memory T cells
TGGCCTTTCTTGAGGT-1_atac,Memory T cells
TGGCTTTGTCACCTAT-1_atac,CD14 Monocytes
TGGCTTTGTTTATGGG-1_atac,Memory T cells
TGGGCATGTCTTTGAC-1_atac,CD14 Monocytes
TGGTCAGTCGTTAGTA-1_atac,Memory T cells
TGGTCAGTCGTTTCTG-1_atac,Memory T cells
TGGTCATAGCGGGCAA-1_atac,Memory T cells
TGGTGATTCCGTTATT-1_atac,B cells
TGGTGCATCGTCATTT-1_atac,NK/Effector T cells
TGGTTAATCAAGCGCC-1_atac,Memory T cells
TGGTTAATCAGCACCA-1_atac,CD14 Monocytes
TGGTTAATCCTAAGAC-1_atac,Memory T cells
TGGTTCTGTTCCTGTG-1_atac,CD14 Monocytes
TGTAAAGCAGCTCATA-1_atac,CD14 Monocytes
TGTAACTCACCAGGTT-1_atac,Memory T cells
TGTAAGTGTCAAGTAT-1_atac,Memory T cells
TGTATCCGTTCACCCA-1_atac,Memory T cells
TGTATCGCAGTACCGT-1_atac,Memory T cells
TGTCAATCATGTCAAT-1_atac,Memory T cells
TGTCATAAGGTCATTA-1_atac,CD14 Monocytes
TGTCATAAGGTCCACA-1_atac,CD14 Monocytes
TGTCATAAGGTTTGCG-1_atac,CD14 Monocytes
TGTCCTGGTTCGCGCT-1_atac,Memory T cells
TGTGCACCAATATACC-1_atac,NK/Effector T cells
TGTGCGCAGTAAGTGG-1_atac,Memory T cells
TGTGCGGGTGATGAGG-1_atac,CD14 Monocytes
TGTTATGAGCTCAATA-1_atac,Memory T cells
TGTTCATTCCAAATCA-1_atac,CD14 Monocytes
TGTTGCACAGTTTACG-1_atac,CD14 Monocytes
TGTTGCACATTATGGT-1_atac,Memory T cells
TGTTGGCCATCTTGAG-1_atac,Memory T cells
TGTTGTAAGTAACCAC-1_atac,Memory T cells
TGTTGTTTCATAACGC-1_atac,Memory T cells
TGTTGTTTCATTTAGG-1_atac,NK/Effector T cells
TGTTTGTTCTACCTGC-1_atac,CD14 Monocytes
TTAAGCCAGCTATGAC-1_atac,CD14 Monocytes
TTAAGGACACCAAAGG-1_atac,Naive CD8 T cells
TTAAGGACATTGACAT-1_atac,Memory T cells
TTAATCGAGCCGCTTT-1_atac,Memory T cells
TTACACCGTTAACGGC-1_atac,Naive CD8 T cells
TTACAGCAGTGAGCAA-1_atac,Memory T cells
TTACCGTGTTCACCAT-1_atac,CD14 Monocytes
TTACCTGTCTTTAGGA-1_atac,CD14 Monocytes
TTAGAAGCACTTAGGC-1_atac,CD14 Monocytes
TTAGCTGCAAGCTTAT-1_atac,CD14 Monocytes
TTAGCTGCACCTCAGG-1_atac,Memory T cells
TTAGCTGCATTGCGAC-1_atac,CD14 Monocytes
TTAGGATGTAAGTCGC-1_atac,Memory T cells
TTAGGCGTCCTAATGA-1_atac,Memory T cells
TTAGGCTAGCTATTGA-1_atac,CD14 Monocytes
TTAGTCAAGCCTCTCG-1_atac,Memory T cells
TTATAGCCAGCTTACA-1_atac,CD14 Monocytes
TTATCCTAGGCATTAC-1_atac,Memory T cells
TTATCCTAGGGATTAG-1_atac,CD14 Monocytes
TTATGACCATTTAAGC-1_atac,CD14 Monocytes
TTATTGCTCAATCATG-1_atac,Memory T cells
TTATTGCTCATTTAGG-1_atac,B cells
TTATTGCTCTGCAACG-1_atac,Memory T cells
TTCAACCGTTACGCAA-1_atac,CD14 Monocytes
TTCAGCACAGGTTATT-1_atac,Memory T cells
TTCAGGTAGCTGTCAG-1_atac,CD14 Monocytes
TTCCCACAGCGCCTAA-1_atac,Memory T cells
TTCCCACAGGCGAATA-1_atac,CD14 Monocytes
TTCCTTCTCAGGAAGC-1_atac,CD14 Monocytes
TTCGCAACAACAGCCT-1_atac,B cells
TTCGGTACACGAACAG-1_atac,CD14 Monocytes
TTCGGTACAGCAACCT-1_atac,Memory T cells
TTCGTGCTCCTGGTGA-1_atac,CD14 Monocytes
TTCGTGCTCGCAATCG-1_atac,CD14 Monocytes
TTGACATCAACGTGCT-1_atac,CD14 Monocytes
TTGACATCATAGCTGC-1_atac,Memory T cells
TTGACGTAGCAACAAG-1_atac,Memory T cells
TTGACGTAGGTTAGAG-1_atac,Memory T cells
TTGACTAAGTAAAGGT-1_atac,CD14 Monocytes
TTGATGTCAATTGAAG-1_atac,Memory T cells
TTGCAAGGTGGGAACA-1_atac,CD14 Monocytes
TTGCAAGGTTGGCCGA-1_atac,Memory T cells
TTGCAATCATGGCCTG-1_atac,Naive CD8 T cells
TTGCAGCCAGCTTAAT-1_atac,Memory T cells
TTGCATTTCGCCTGTT-1_atac,Memory T cells
TTGCGAGTCCCTGTTA-1_atac,CD14 Monocytes
TTGCTCTCATTAAAGG-1_atac,Memory T cells
TTGCTTTAGCTGTACG-1_atac,Memory T cells
TTGGATATCAGGTTTA-1_atac,CD14 Monocytes
TTGGATCAGCGATAAG-1_atac,Naive CD8 T cells
TTGGCTTGTGTCCAGG-1_atac,Memory T cells
TTGGGCCAGTAACGAG-1_atac,Memory T cells
TTGGGCGGTCCGTGAG-1_atac,CD14 Monocytes
TTGGGCGGTCTCAGCC-1_atac,CD14 Monocytes
TTGGTGAGTCAAACTG-1_atac,NK/Effector T cells
TTGTCAAAGTTGGATC-1_atac,Memory T cells
TTGTCAAAGTTTGGTA-1_atac,Memory T cells
TTGTCCGGTTAGGCTA-1_atac,CD14 Monocytes
TTGTGCCTCATGGTGT-1_atac,Memory T cells
TTGTGTGCAGCATGGA-1_atac,CD14 Monocytes
TTGTTCCCAGGCTTCG-1_atac,Memory T cells
TTGTTGCGTGTGCAAC-1_atac,Memory T cells
TTTACGAAGACAACAG-1_atac,Memory T cells
TTTACGAAGCAGGTTT-1_atac,Memory T cells
TTTAGCAAGGTAGCTT-1_atac,Memory T cells
TTTAGGATCGAAGCGG-1_atac,CD14 Monocytes
TTTATGGAGTTGTCCC-1_atac,CD14 Monocytes
TTTCACCCAGTAGGTG-1_atac,CD14 Monocytes
TTTCATCAGCCTGGTA-1_atac,B cells
TTTCCACCACATAACT-1_atac,Memory T cells
TTTCCGGGTTTAGTCC-1_atac,CD14 Monocytes
TTTCCTGAGTTGTCCC-1_atac,CD14 Monocytes
TTTCGTCCAAGACTCC-1_atac,CD14 Monocytes
TTTCGTCCAGAGGGAG-1_atac,Memory T cells
TTTCTCACATTCCTGT-1_atac,Memory T cells
TTTCTTGCAGCACGTT-1_atac,CD14 Monocytes
TTTGACCGTAGTAAGA-1_atac,CD14 Monocytes
TTTGCATTCTAAGGTC-1_atac,Memory T cells
TTTGCGGAGCAGGTTT-1_atac,Memory T cells
TTTGGCTGTTTACGTC-1_atac,Memory T cells
TTTGTGTTCCGCCTAT-1_atac,Memory T cells
TTTGTGTTCCGTGACA-1_atac,B cells
TTTGTTGGTAGGTTTG-1_atac,Memory T cells
