,scButterfly
AAACAGCCAGGCTTCG-1_atac,CD14 Monocytes
AAACCAACACCTGCTC-1_atac,B cells
AAACCAACATAACGGG-1_atac,B cells
AAAGCACCACCCACCT-1_atac,NK/Effector T cells
AAAGCTTGTGTGTGGT-1_atac,CD14 Monocytes
AAAGGACGTATTGTGG-1_atac,NK/Effector T cells
AAAGGACGTTCACCAT-1_atac,B cells
AAAGGAGCACAAACTT-1_atac,Naive CD8 T cells
AAAGGAGCATAGCTGC-1_atac,CD14 Monocytes
AAAGGCTCACTTCACT-1_atac,B cells
AAAGGTTAGCAAGGGT-1_atac,CD16 Monocytes
AACAGATAGAGGCTAA-1_atac,Naive CD8 T cells
AACAGATAGGGTCCAC-1_atac,Naive CD8 T cells
AACAGCAAGGAAGCTA-1_atac,NK/Effector T cells
AACATAGCATAAAGCA-1_atac,Naive CD8 T cells
AACATCATCCGTTATT-1_atac,CD14 Monocytes
AACATCATCGAGGAAC-1_atac,Naive CD8 T cells
AACATCATCGGCTATG-1_atac,B cells
AACCCGCAGTCACTAA-1_atac,Naive CD8 T cells
AACCGGCTCCGTAAAC-1_atac,CD14 Monocytes
AACCGGCTCGATCAGT-1_atac,CD14 Monocytes
AACCGGCTCGTTAGCG-1_atac,Naive CD8 T cells
AACCTTAAGGTCTTGG-1_atac,Naive CD8 T cells
AACCTTGCAGCCTGCA-1_atac,CD14 Monocytes
AACGCCCAGTTTGAGC-1_atac,B cells
AACTAGTGTAACCAGC-1_atac,CD14 Monocytes
AACTCACAGGAAGCAC-1_atac,CD16 Monocytes
AACTCACAGGGCTAAA-1_atac,CD14 Monocytes
AACTGTTCAAGACTCC-1_atac,CD14 Monocytes
AACTTAGTCACTTCAT-1_atac,NK/Effector T cells
AACTTAGTCCATAATG-1_atac,B cells
AAGAACAGTATTCGTC-1_atac,B cells
AAGAATCAGGCTACAT-1_atac,Naive CD8 T cells
AAGACATAGTAAGGGC-1_atac,CD14 Monocytes
AAGACCAAGAGAGGAG-1_atac,NK/Effector T cells
AAGCAAGTCGTTTCGC-1_atac,CD14 Monocytes
AAGCCTCCACAATGCC-1_atac,Naive CD8 T cells
AAGCCTCCACACTAAT-1_atac,B cells
AAGCCTCCAGACAAAC-1_atac,B cells
AAGCGAATCATGCCTC-1_atac,CD14 Monocytes
AAGCGAGGTCGACTCC-1_atac,Naive CD8 T cells
AAGCGTTTCATTGTCT-1_atac,B cells
AAGCGTTTCCTGATTT-1_atac,B cells
AAGCTAGAGATGGACA-1_atac,Naive CD8 T cells
AAGCTATGTTTAACCC-1_atac,B cells
AAGGATTAGTAGCGCC-1_atac,CD14 Monocytes
AAGGCCCTCTTGATGA-1_atac,CD14 Monocytes
AAGGTCAAGGTCCGTA-1_atac,CD14 Monocytes
AAGTGAAGTATGTGGC-1_atac,CD14 Monocytes
AAGTGTTGTGAGACTC-1_atac,CD14 Monocytes
AAGTGTTGTGCTCCGT-1_atac,Naive CD8 T cells
AAGTGTTGTTTGCAGA-1_atac,CD14 Monocytes
AAGTTACGTAGCTAGC-1_atac,Naive CD8 T cells
AAGTTAGCACTAAGAA-1_atac,Naive CD8 T cells
AAGTTTGTCCAATTAG-1_atac,Naive CD8 T cells
AATACCGGTTCCATTA-1_atac,NK/Effector T cells
AATAGAGGTGAGGTAG-1_atac,CD14 Monocytes
AATCAGGAGCGAAGTA-1_atac,Naive CD8 T cells
AATCATGTCATTACTC-1_atac,Naive CD8 T cells
AATCCATCACCTCAGG-1_atac,B cells
AATCCCTGTGCAATAT-1_atac,Naive CD8 T cells
AATCCTAAGATGGAGC-1_atac,CD14 Monocytes
AATGAAGGTAGGTTAT-1_atac,CD14 Monocytes
AATGCAACAAGGTATA-1_atac,Naive CD8 T cells
AATGCATGTGTTTCAC-1_atac,CD14 Monocytes
AATGCGCGTACCGGAT-1_atac,CD14 Monocytes
AATGGCGCAAGCCACT-1_atac,NK/Effector T cells
AATGGCGCAGTCTATG-1_atac,CD14 Monocytes
AATTCGTCAGGCTAAG-1_atac,B cells
AATTGCCAGTACTGGT-1_atac,Memory T cells
AATTGGACATCGCTCC-1_atac,NK/Effector T cells
ACAAAGGTCCCTGTTA-1_atac,Naive CD8 T cells
ACAACACTCCTGAATA-1_atac,B cells
ACACCTTGTACGTTTC-1_atac,CD14 Monocytes
ACACCTTGTCATCAAG-1_atac,Naive CD8 T cells
ACACGGACATGGTTAT-1_atac,Naive CD8 T cells
ACACTAATCGTTAGCG-1_atac,NK/Effector T cells
ACACTTGCACTATGGC-1_atac,B cells
ACAGGAATCAATGACC-1_atac,CD14 Monocytes
ACAGGAATCCAGGTCA-1_atac,CD14 Monocytes
ACAGGATCAAGCCAGA-1_atac,Naive CD8 T cells
ACAGGATCACCTGCCT-1_atac,NK/Effector T cells
ACATCAATCTCAATTC-1_atac,CD14 Monocytes
ACATCATCACTATGGC-1_atac,CD14 Monocytes
ACCAATATCTATGACA-1_atac,Naive CD8 T cells
ACCACATAGCTGCACA-1_atac,Naive CD8 T cells
ACCACATAGTTATCCT-1_atac,CD14 Monocytes
ACCAGCTCATGTCAGC-1_atac,CD14 Monocytes
ACCAGGCTCCAGCACA-1_atac,NK/Effector T cells
ACCAGGCTCCGGAACC-1_atac,CD14 Monocytes
ACCAGGGAGCGCTCAA-1_atac,Naive CD8 T cells
ACCAGGGAGGCCAATT-1_atac,Naive CD8 T cells
ACCATAATCGCAGGCT-1_atac,NK/Effector T cells
ACCATTAAGCAAGACA-1_atac,Naive CD8 T cells
ACCCAACCACCTGCTC-1_atac,CD14 Monocytes
ACCCAACCACTAGGTC-1_atac,CD14 Monocytes
ACCCAGGGTGAATCGC-1_atac,CD14 Monocytes
ACCCAGGGTGCTCCAC-1_atac,Naive CD8 T cells
ACCCGTAAGCAGCTAT-1_atac,B cells
ACCGAAGCAAAGGCCA-1_atac,NK/Effector T cells
ACCGAAGCACCTCGCT-1_atac,B cells
ACCGAAGCAGCCAGTT-1_atac,CD14 Monocytes
ACCGAAGCAGGCCAAA-1_atac,Naive CD8 T cells
ACCGAAGCAGTACCGT-1_atac,Naive CD8 T cells
ACCGCAATCATGTTTC-1_atac,CD14 Monocytes
ACCGGCTAGCCGCTAA-1_atac,B cells
ACCTAAATCAATCATG-1_atac,NK/Effector T cells
ACCTAAGGTTCACCAT-1_atac,CD14 Monocytes
ACCTCACTCTAGCTTT-1_atac,NK/Effector T cells
ACCTGTTGTTAGGCGT-1_atac,NK/Effector T cells
ACCTTGCTCAGCTAAC-1_atac,Naive CD8 T cells
ACCTTGCTCCCTGGTT-1_atac,B cells
ACGAACAAGGCCTGGT-1_atac,Naive CD8 T cells
ACGAACAAGGTGCGGA-1_atac,CD16 Monocytes
ACGAACAAGGTTAGCT-1_atac,Naive CD8 T cells
ACGAGTAAGGATAAAC-1_atac,CD14 Monocytes
ACGATTCAGAACCTGT-1_atac,CD14 Monocytes
ACGATTCAGCATTTCT-1_atac,CD14 Monocytes
ACGCAAGCATAATCGT-1_atac,CD14 Monocytes
ACGCACGGTACGGGTT-1_atac,NK/Effector T cells
ACGCACGGTTAATGAC-1_atac,CD14 Monocytes
ACGCACGGTTACGCAA-1_atac,NK/Effector T cells
ACGCCTAAGGCGGGTA-1_atac,NK/Effector T cells
ACGCCTAAGTGAGGGT-1_atac,Naive CD8 T cells
ACGCCTTTCATTTGCT-1_atac,NK/Effector T cells
ACGCTTGAGCTCATAA-1_atac,CD14 Monocytes
ACGCTTGAGGTCATTA-1_atac,NK/Effector T cells
ACGGGAAGTTTGAGGC-1_atac,Naive CD8 T cells
ACGGTTAGTGTGCAAC-1_atac,Naive CD8 T cells
ACGGTTTAGCCGCAGT-1_atac,Naive CD8 T cells
ACGTACCCAATGAAGC-1_atac,B cells
ACGTCCAAGCAGCTAT-1_atac,CD14 Monocytes
ACGTCCTTCAAAGGCA-1_atac,CD14 Monocytes
ACGTCCTTCCTAATTC-1_atac,Naive CD8 T cells
ACTAACCAGCACAGAA-1_atac,CD14 Monocytes
ACTAACGGTTACGCGG-1_atac,B cells
ACTAACTCAAGGTGCA-1_atac,Naive CD8 T cells
ACTAATCCAGGTATTT-1_atac,Naive CD8 T cells
ACTAGGCGTACTGAAT-1_atac,NK/Effector T cells
ACTATCCGTAGGATTT-1_atac,CD14 Monocytes
ACTATCCGTTCACTGT-1_atac,Naive CD8 T cells
ACTATGTCAGTTTGTG-1_atac,CD14 Monocytes
ACTCAGTAGGAAGCAC-1_atac,NK/Effector T cells
ACTCAGTAGGCATGTT-1_atac,CD14 Monocytes
ACTCGCGCAAGGAATC-1_atac,B cells
ACTCGCTTCATGAAGG-1_atac,NK/Effector T cells
ACTTACTTCAGGGCCT-1_atac,CD14 Monocytes
ACTTACTTCATAGCCG-1_atac,NK/Effector T cells
ACTTAGGGTAGGTTTG-1_atac,Naive CD8 T cells
ACTTAGGGTAGTAAGA-1_atac,B cells
ACTTAGGGTAGTTGGC-1_atac,NK/Effector T cells
ACTTCGCTCGTAACGT-1_atac,CD14 Monocytes
ACTTGAATCCAAGTTA-1_atac,CD14 Monocytes
ACTTGTCGTACCGTAA-1_atac,NK/Effector T cells
AGAAACCCATAATGTC-1_atac,NK/Effector T cells
AGAAAGGCATCCATCT-1_atac,CD14 Monocytes
AGAACCAAGCCGGTAC-1_atac,CD14 Monocytes
AGAACCGCACCTAATG-1_atac,Naive CD8 T cells
AGAAGGTGTAACGGGA-1_atac,CD14 Monocytes
AGAATCTGTACTAAAC-1_atac,B cells
AGACAATAGGCCTTAG-1_atac,NK/Effector T cells
AGACCCGGTAAGCACC-1_atac,CD14 Monocytes
AGACTATGTATGGTGC-1_atac,Naive CD8 T cells
AGAGAAGCATAGCTGC-1_atac,NK/Effector T cells
AGAGATTAGTCATGCG-1_atac,CD14 Monocytes
AGAGGAACACGAATCC-1_atac,Memory T cells
AGAGGAACACTTACAG-1_atac,CD14 Monocytes
AGAGGAACAGCTTAAT-1_atac,NK/Effector T cells
AGAGGATGTTAACAGT-1_atac,CD14 Monocytes
AGATGAAGTAATAACC-1_atac,B cells
AGATGAAGTACGTTTC-1_atac,CD14 Monocytes
AGATGAAGTGTAACCA-1_atac,CD14 Monocytes
AGATGAAGTGTCCAAA-1_atac,Naive CD8 T cells
AGATGAAGTTGGTTCT-1_atac,B cells
AGATGCTTCGTTCACC-1_atac,CD14 Monocytes
AGCAAATAGCCAGTAT-1_atac,Naive CD8 T cells
AGCAAATAGGTGTTAC-1_atac,Naive CD8 T cells
AGCAATTGTGGGTACT-1_atac,B cells
AGCACAGCATTCCTGT-1_atac,Naive CD8 T cells
AGCACTTAGTTAGCCG-1_atac,Naive CD8 T cells
AGCCGGTTCCTTCTAG-1_atac,B cells
AGCCTAAGTGCTTACT-1_atac,CD14 Monocytes
AGCCTAGTCTTTGACT-1_atac,NK/Effector T cells
AGCCTGGGTAACCAGC-1_atac,B cells
AGCCTGGGTAGCTGGT-1_atac,CD14 Monocytes
AGCCTGGGTTAGTTGG-1_atac,Naive CD8 T cells
AGCGATTTCGTTCACC-1_atac,CD14 Monocytes
AGCGATTTCTGCAACG-1_atac,NK/Effector T cells
AGCGCTCAGGTCCTAG-1_atac,NK/Effector T cells
AGCGGATAGTTACTTC-1_atac,CD14 Monocytes
AGCTAGTTCCGTTATT-1_atac,CD16 Monocytes
AGCTATATCGCACAAT-1_atac,CD14 Monocytes
AGCTATATCGGCCAGT-1_atac,CD14 Monocytes
AGCTGCTCATGAAATG-1_atac,CD14 Monocytes
AGCTTCCTCAATGAGG-1_atac,CD14 Monocytes
AGGAAACGTCAAACTG-1_atac,CD14 Monocytes
AGGAAACGTGGTTATG-1_atac,CD14 Monocytes
AGGAACGGTTGGTTCT-1_atac,CD14 Monocytes
AGGACTAAGGCGGATG-1_atac,CD14 Monocytes
AGGACTAAGTTGCCTC-1_atac,CD16 Monocytes
AGGAGCTAGATGGAGC-1_atac,Naive CD8 T cells
AGGATGCAGGCTAATC-1_atac,CD14 Monocytes
AGGATGTCAGCAAATA-1_atac,CD14 Monocytes
AGGATTGAGGCTATGT-1_atac,Naive CD8 T cells
AGGCAATCATGAGTTT-1_atac,Memory T cells
AGGCTAAAGTATTGTG-1_atac,Naive CD8 T cells
AGGCTAAAGTCTATGA-1_atac,Memory T cells
AGGCTAGCACAATACT-1_atac,B cells
AGGCTAGCACCTGTAA-1_atac,Naive CD8 T cells
AGGGCTACAGAATGAC-1_atac,CD14 Monocytes
AGGTAACCAGGCTAGA-1_atac,Naive CD8 T cells
AGGTATTGTGCTAGCG-1_atac,NK/Effector T cells
AGGTCAAAGGCAAGTA-1_atac,CD14 Monocytes
AGGTCATTCAAGCTAC-1_atac,B cells
AGGTCATTCTTGCAAA-1_atac,Naive CD8 T cells
AGGTCCGGTTAGCGTA-1_atac,Naive CD8 T cells
AGGTCTTAGCAGCTCA-1_atac,NK/Effector T cells
AGGTCTTAGTGGACAA-1_atac,CD14 Monocytes
AGGTGAATCTAATCTC-1_atac,CD14 Monocytes
AGGTTAACAGCAAGTG-1_atac,B cells
AGGTTAACAGGTCCTG-1_atac,Naive CD8 T cells
AGGTTAACATGAGCAG-1_atac,Naive CD8 T cells
AGGTTTATCACTCAAA-1_atac,CD14 Monocytes
AGGTTTATCTTAGTCT-1_atac,CD14 Monocytes
AGTAAACAGCAATAGG-1_atac,CD16 Monocytes
AGTAAACAGCAGGTTT-1_atac,CD14 Monocytes
AGTAACACAGCTTAAT-1_atac,CD14 Monocytes
AGTAACACATCGCTTT-1_atac,B cells
AGTAACGAGACACCGC-1_atac,CD14 Monocytes
AGTAACGAGAGAGCCG-1_atac,CD14 Monocytes
AGTAATGCAACCTGGT-1_atac,Naive CD8 T cells
AGTAGCTTCATAGACC-1_atac,CD14 Monocytes
AGTAGCTTCTCCATAT-1_atac,Naive CD8 T cells
AGTAGCTTCTGTGAGT-1_atac,CD14 Monocytes
AGTCAAGAGTCATTAG-1_atac,B cells
AGTCGCATCATGCTAA-1_atac,CD14 Monocytes
AGTCTTGCAATTATGC-1_atac,NK/Effector T cells
AGTCTTGCACAAAGAC-1_atac,CD16 Monocytes
AGTCTTGCATTGTGGC-1_atac,Naive CD8 T cells
AGTGAGTCATTAAAGG-1_atac,CD14 Monocytes
AGTGGACAGCTTACTT-1_atac,Naive CD8 T cells
AGTGGACAGGCGAATA-1_atac,B cells
AGTGTTTCAACAGGTG-1_atac,NK/Effector T cells
AGTTGCAGTAGCCTAA-1_atac,Naive CD8 T cells
AGTTGCAGTAGGTTTG-1_atac,CD14 Monocytes
AGTTGCGTCCAACTGG-1_atac,Naive CD8 T cells
AGTTGGCGTACAAAGA-1_atac,CD16 Monocytes
AGTTGTCAGATGGACA-1_atac,Naive CD8 T cells
AGTTGTCAGTAAACCC-1_atac,CD16 Monocytes
ATAACGACACATTAAC-1_atac,Naive CD8 T cells
ATAAGCCTCTAGCTTT-1_atac,Naive CD8 T cells
ATAAGTCGTGAGGTAG-1_atac,CD14 Monocytes
ATAGATGCACTTACAG-1_atac,Naive CD8 T cells
ATATAGGCAGAAACGT-1_atac,B cells
ATATGCATCAGCTAAC-1_atac,Naive CD8 T cells
ATATGCTCAATAGCAA-1_atac,NK/Effector T cells
ATCAAGCTCCTTCTAG-1_atac,NK/Effector T cells
ATCAATCCAAACCTTG-1_atac,CD16 Monocytes
ATCAATCCAAGCTTTG-1_atac,Naive CD8 T cells
ATCACAATCTCCATAT-1_atac,NK/Effector T cells
ATCACTAAGATGGACA-1_atac,B cells
ATCAGGTTCCCTGTTA-1_atac,CD14 Monocytes
ATCATCAAGCCAGTAT-1_atac,NK/Effector T cells
ATCATCAAGGGCCACT-1_atac,CD14 Monocytes
ATCCAACAGCGGCTGT-1_atac,Naive CD8 T cells
ATCCACCTCGTCAAGT-1_atac,B cells
ATCCGTGAGACTCGCA-1_atac,Naive CD8 T cells
ATCCGTGAGGTCATTA-1_atac,B cells
ATCCTCATCTGGTCCT-1_atac,CD14 Monocytes
ATCCTCATCTGTGAGT-1_atac,B cells
ATCCTGACAATGCGCT-1_atac,Naive CD8 T cells
ATCCTGACATGTCAAT-1_atac,Naive CD8 T cells
ATCGAGGCAACAGGAT-1_atac,Naive CD8 T cells
ATCTATGAGCAAACCT-1_atac,Naive CD8 T cells
ATCTTTGGTTGTTGGA-1_atac,Memory T cells
ATGAAGCCAGCACCAT-1_atac,NK/Effector T cells
ATGACTCAGCACGTTG-1_atac,CD16 Monocytes
ATGCATTCACCGGCTA-1_atac,CD14 Monocytes
ATGCTTAAGCAACATC-1_atac,NK/Effector T cells
ATGCTTAAGGACCAGG-1_atac,Naive CD8 T cells
ATGCTTAAGGTCTTGG-1_atac,CD16 Monocytes
ATGGCTAGTGTGAGAG-1_atac,Naive CD8 T cells
ATGGCTAGTTTGCGCC-1_atac,B cells
ATGGCTTAGCCGCAAC-1_atac,CD16 Monocytes
ATGGTGCGTTGGTTAG-1_atac,CD14 Monocytes
ATGGTTATCTCCATGC-1_atac,CD16 Monocytes
ATGTAACGTTTAGCTC-1_atac,Naive CD8 T cells
ATGTAAGCATTAGCGC-1_atac,Naive CD8 T cells
ATGTTCAAGACTTATG-1_atac,CD14 Monocytes
ATGTTTGAGCCGCTAA-1_atac,CD16 Monocytes
ATTAACCCACAACAGG-1_atac,CD14 Monocytes
ATTACCCGTTTACCGT-1_atac,B cells
ATTAGCTCAGCAGGTA-1_atac,CD14 Monocytes
ATTAGGTGTCTCAGCC-1_atac,Naive CD8 T cells
ATTCAACCACTAGCGT-1_atac,CD14 Monocytes
ATTCAACCAGGAACAT-1_atac,NK/Effector T cells
ATTCCGGAGCTACTGG-1_atac,NK/Effector T cells
ATTCCTAGTATTGTGG-1_atac,CD14 Monocytes
ATTCCTAGTCATAACG-1_atac,B cells
ATTCCTAGTTGTTGGA-1_atac,NK/Effector T cells
ATTCGTTTCCAGGAAA-1_atac,NK/Effector T cells
ATTGACTCAATCCTGA-1_atac,B cells
ATTGACTCACTTAGGC-1_atac,Naive CD8 T cells
ATTGCACAGCCTGTTC-1_atac,CD14 Monocytes
ATTGCTCGTAAGGTCC-1_atac,CD14 Monocytes
ATTGCTCGTACGCGCA-1_atac,NK/Effector T cells
ATTGGCTAGTAAGTCC-1_atac,Naive CD8 T cells
ATTTGCAAGAGAAGGG-1_atac,Naive CD8 T cells
ATTTGCGCAGTTTGGC-1_atac,Naive CD8 T cells
CAAACACTCCACCCTG-1_atac,Naive CD8 T cells
CAAACCGTCAAGTGTC-1_atac,Naive CD8 T cells
CAAACGCGTTTGGCTT-1_atac,CD14 Monocytes
CAAAGCGCAGCCAGTT-1_atac,CD14 Monocytes
CAAAGTGAGTAGGATG-1_atac,B cells
CAAATCATCAGCAAGA-1_atac,NK/Effector T cells
CAAATCATCTATGACA-1_atac,CD14 Monocytes
CAACAATGTCATGCAA-1_atac,CD14 Monocytes
CAACAGGCAGCATGGA-1_atac,B cells
CAACCCGCACGCAACT-1_atac,B cells
CAACTAATCCTTCGTA-1_atac,CD14 Monocytes
CAAGACAAGGTATTGC-1_atac,B cells
CAAGGCTGTACCGGAT-1_atac,NK/Effector T cells
CAAGGCTGTGAACAAA-1_atac,B cells
CAAGGGAGTGATCAGC-1_atac,B cells
CAAGGTAAGTCATTGA-1_atac,Naive CD8 T cells
CAAGGTTTCAGTTCCC-1_atac,B cells
CAAGGTTTCCGCCTAT-1_atac,CD14 Monocytes
CAAGTATGTCGTTATC-1_atac,CD14 Monocytes
CAATAAGCAATGCCCG-1_atac,CD16 Monocytes
CAATAAGCACTAGCGT-1_atac,Naive CD8 T cells
CAATAAGCAGCCTTGG-1_atac,Naive CD8 T cells
CAATCCCTCACATTGA-1_atac,CD14 Monocytes
CAATCCCTCCCGCCTA-1_atac,CD14 Monocytes
CAATCGCCATTGTCCT-1_atac,CD14 Monocytes
CAATCTAAGCTTCCCG-1_atac,Naive CD8 T cells
CAATGAACATAATCCG-1_atac,Naive CD8 T cells
CAATGACTCAAATCGC-1_atac,Naive CD8 T cells
CAATGTCAGGAACACA-1_atac,CD14 Monocytes
CAATGTCAGGCAACAA-1_atac,Naive CD8 T cells
CAATGTCAGGGCCATC-1_atac,CD14 Monocytes
CAATGTCAGTAGGATG-1_atac,CD14 Monocytes
CACAAGCGTGATTACG-1_atac,B cells
CACAGGGAGGAACGGT-1_atac,CD14 Monocytes
CACAGGGAGTTATGTG-1_atac,CD14 Monocytes
CACCAACCAATTGCGC-1_atac,CD14 Monocytes
CACCTCAGTTTGGGCG-1_atac,B cells
CACCTGTTCCAACTGG-1_atac,Naive CD8 T cells
CACTTTGTCAGCTAAC-1_atac,CD16 Monocytes
CAGAACCGTGCTTAGA-1_atac,CD14 Monocytes
CAGATTCAGGAGTAAT-1_atac,CD14 Monocytes
CAGCAAGCACTTAGGC-1_atac,CD14 Monocytes
CAGCCTAAGCCTGTGA-1_atac,B cells
CAGCCTAAGGTCCACA-1_atac,Naive CD8 T cells
CAGCTCAAGAGGAGGA-1_atac,NK/Effector T cells
CAGGAAGGTCCTTCTC-1_atac,CD14 Monocytes
CAGGACCTCCGTCCAT-1_atac,CD14 Monocytes
CAGGCTATCCGCAAGC-1_atac,B cells
CAGGGTGAGCATGTCG-1_atac,NK/Effector T cells
CAGGTCCAGAGAGCCG-1_atac,B cells
CAGGTCCAGGTCGAGG-1_atac,CD14 Monocytes
CAGGTGGAGGAGGCAT-1_atac,CD14 Monocytes
CAGGTTTAGTATTGTG-1_atac,Naive CD8 T cells
CATAGACTCCATTACT-1_atac,NK/Effector T cells
CATAGGCGTCATCCTG-1_atac,CD14 Monocytes
CATAGGCGTCCGTGAG-1_atac,CD14 Monocytes
CATAGGCGTTACTTCA-1_atac,Naive CD8 T cells
CATAGTCAGCTCAAAC-1_atac,CD16 Monocytes
CATATCGCACTTCATC-1_atac,NK/Effector T cells
CATCACACATGCTCCC-1_atac,NK/Effector T cells
CATCATAAGTACTGGT-1_atac,B cells
CATCATGCACTGACCG-1_atac,CD14 Monocytes
CATCCTCAGACTTATG-1_atac,B cells
CATCCTGGTACGGGTT-1_atac,CD14 Monocytes
CATCCTGGTTACTTGC-1_atac,Naive CD8 T cells
CATCCTTCACCCACAG-1_atac,CD14 Monocytes
CATGCGCAGGAGTCGG-1_atac,CD16 Monocytes
CATGGATTCAAGCTTA-1_atac,B cells
CATGGATTCATAACCA-1_atac,Naive CD8 T cells
CATTGCGAGCATGTCG-1_atac,CD14 Monocytes
CATTGCGAGTAACGGA-1_atac,CD14 Monocytes
CATTGTAAGGACCGCT-1_atac,B cells
CATTGTAAGGCAGGTG-1_atac,CD14 Monocytes
CATTTGTTCTAAGTGC-1_atac,NK/Effector T cells
CCAAACCCAAACGCGA-1_atac,NK/Effector T cells
CCAAACCCACCTGTAA-1_atac,Naive CD8 T cells
CCAAACCCATAGACTT-1_atac,Naive CD8 T cells
CCAAATCAGGTCCGTA-1_atac,NK/Effector T cells
CCAACCAAGCGCTAAT-1_atac,CD14 Monocytes
CCAACCCGTGCAATGC-1_atac,Naive CD8 T cells
CCAACCCGTGTGAGGA-1_atac,Naive CD8 T cells
CCAAGTTAGTAACCAC-1_atac,CD14 Monocytes
CCACAGGGTTAGCGTA-1_atac,B cells
CCACATTGTATGTGGC-1_atac,CD14 Monocytes
CCACTTGGTGGTTCTT-1_atac,B cells
CCAGACTCATTGCGAC-1_atac,CD14 Monocytes
CCAGCCTGTTCACCCA-1_atac,Naive CD8 T cells
CCAGCTAAGCCGCTTT-1_atac,B cells
CCAGGAACAAACTAAG-1_atac,CD14 Monocytes
CCAGGATGTTGGTTAG-1_atac,CD14 Monocytes
CCAGTTTGTAGTCAAT-1_atac,CD14 Monocytes
CCATAAGGTTTGTCTA-1_atac,NK/Effector T cells
CCATAGCCAATAAGCA-1_atac,NK/Effector T cells
CCATAGCCAATTGACT-1_atac,CD14 Monocytes
CCATCACTCGGTTTGG-1_atac,B cells
CCATCATGTGCTTAGA-1_atac,CD14 Monocytes
CCCAAACCAGAAATGC-1_atac,CD14 Monocytes
CCCAAACCAGGATTAA-1_atac,CD14 Monocytes
CCCAAATAGTGAGCGG-1_atac,Naive CD8 T cells
CCCAGTTTCTGTTGCC-1_atac,NK/Effector T cells
CCCAGTTTCTTGGACG-1_atac,B cells
CCCATAACAGGAACCA-1_atac,CD16 Monocytes
CCCGTAAAGTTAGAGG-1_atac,Naive CD8 T cells
CCCGTTGTCAACAAGG-1_atac,CD14 Monocytes
CCCTCACCAACACCTA-1_atac,B cells
CCCTCACCAGGCTAGA-1_atac,NK/Effector T cells
CCCTCAGTCATTTGTC-1_atac,Naive CD8 T cells
CCCTCATAGCTATTAG-1_atac,CD14 Monocytes
CCCTGTTAGCTGTCAG-1_atac,Naive CD8 T cells
CCCTTAATCGATCAGT-1_atac,NK/Effector T cells
CCGCACACATGAGCAG-1_atac,CD14 Monocytes
CCGCCAACAACCCTCC-1_atac,Naive CD8 T cells
CCGCTAAAGCTGGAAA-1_atac,B cells
CCGCTAGCATGCTATG-1_atac,Naive CD8 T cells
CCGCTTAGTATCTGGA-1_atac,B cells
CCGGTTAAGGAAGTAT-1_atac,Naive CD8 T cells
CCGGTTAAGTCAGGCC-1_atac,B cells
CCGTTATGTGCTTAGA-1_atac,CD14 Monocytes
CCGTTTGGTCCTTAGT-1_atac,CD14 Monocytes
CCTAAGCCAGTAGGTG-1_atac,Naive CD8 T cells
CCTAAGCCATAAGTTC-1_atac,Naive CD8 T cells
CCTAAGCCATTGTGCA-1_atac,Naive CD8 T cells
CCTAAGGTCCTGGCTT-1_atac,Naive CD8 T cells
CCTAATCGTGTAACCA-1_atac,CD16 Monocytes
CCTAATCGTTAGGCTA-1_atac,Naive CD8 T cells
CCTACTGGTCAAGTGC-1_atac,Naive CD8 T cells
CCTACTTCATAAGCAA-1_atac,Naive CD8 T cells
CCTATAGCAATTAGCT-1_atac,CD14 Monocytes
CCTATATTCTAACCAA-1_atac,Naive CD8 T cells
CCTATTGTCCCTCAAC-1_atac,Naive CD8 T cells
CCTCAAACATCGTTCT-1_atac,NK/Effector T cells
CCTCAATGTTGGATAT-1_atac,Naive CD8 T cells
CCTCCTGAGTTCCTCA-1_atac,NK/Effector T cells
CCTGAGTCAGGCCAAA-1_atac,NK/Effector T cells
CCTGATGAGGGACGCA-1_atac,CD14 Monocytes
CCTGGATCAGTTTACG-1_atac,Naive CD8 T cells
CCTGTAACAGGTTAAA-1_atac,B cells
CCTGTTGGTCACAGCG-1_atac,B cells
CCTTAGTGTCCTAGTT-1_atac,NK/Effector T cells
CCTTAGTGTGTGTCCC-1_atac,Naive CD8 T cells
CCTTATGTCACACAGT-1_atac,NK/Effector T cells
CCTTCGGTCACAGACT-1_atac,CD14 Monocytes
CCTTGCGTCACAGGAA-1_atac,Naive CD8 T cells
CCTTTAGTCGATTATG-1_atac,NK/Effector T cells
CCTTTAGTCTAGCTAA-1_atac,Naive CD8 T cells
CGAAATGAGGGCCATC-1_atac,NK/Effector T cells
CGAAATGAGGTTAGCT-1_atac,CD14 Monocytes
CGAAATGAGTGAACCT-1_atac,CD14 Monocytes
CGAACAAAGGAACACA-1_atac,Naive CD8 T cells
CGAACAAAGTCATTTC-1_atac,CD14 Monocytes
CGAAGGCCAACCTAAT-1_atac,CD16 Monocytes
CGAATATGTGTGAGGA-1_atac,CD14 Monocytes
CGAATATGTTCATTTG-1_atac,CD14 Monocytes
CGAGGCAAGTCACCAG-1_atac,Naive CD8 T cells
CGAGTCGGTATTCGCT-1_atac,CD14 Monocytes
CGAGTCGGTGGCTTCC-1_atac,Naive CD8 T cells
CGATGTCCAAAGCGCA-1_atac,NK/Effector T cells
CGATGTCCAACTAGCC-1_atac,NK/Effector T cells
CGATGTCCAAGCTACC-1_atac,Naive CD8 T cells
CGATGTCCAATTAGCT-1_atac,CD14 Monocytes
CGATGTCCAGGCTTGT-1_atac,B cells
CGATGTCCAGGTTAAA-1_atac,B cells
CGATTCCTCAGCACCA-1_atac,CD14 Monocytes
CGATTCCTCTTGATGA-1_atac,CD14 Monocytes
CGCAATCCAATATACC-1_atac,B cells
CGCAATGTCCCATAGG-1_atac,Naive CD8 T cells
CGCAATTAGCTTAGCG-1_atac,Naive CD8 T cells
CGCATGATCCCTGGTT-1_atac,NK/Effector T cells
CGCATTACAGGTCCTG-1_atac,CD14 Monocytes
CGCATTACAGTTGCGT-1_atac,CD14 Monocytes
CGCCACACAACTAGAA-1_atac,Naive CD8 T cells
CGCCTGTGTGCTAGAC-1_atac,NK/Effector T cells
CGCCTGTGTGGTTCTT-1_atac,CD14 Monocytes
CGCTAACCAATTGCGC-1_atac,CD14 Monocytes
CGCTAACCATAATGTC-1_atac,CD14 Monocytes
CGCTAATAGCGCTAAT-1_atac,B cells
CGCTAATAGTGAGGTA-1_atac,B cells
CGCTACTTCGTTACAA-1_atac,NK/Effector T cells
CGCTCAGCACAAAGCG-1_atac,Naive CD8 T cells
CGCTCCATCACCGGTA-1_atac,NK/Effector T cells
CGCTGTGCAATCGCAC-1_atac,CD14 Monocytes
CGCTTAACACTTGTTC-1_atac,CD16 Monocytes
CGCTTCTAGTCATTGA-1_atac,CD14 Monocytes
CGGAATCGTGAGCAAG-1_atac,NK/Effector T cells
CGGACAACACCCTCAC-1_atac,B cells
CGGATTAGTTTCCTCC-1_atac,CD14 Monocytes
CGGCAATGTGTGCAAC-1_atac,Naive CD8 T cells
CGGCTCACATGAATCT-1_atac,B cells
CGGGACAAGACAGGTA-1_atac,Naive CD8 T cells
CGGGACAAGCCTAACG-1_atac,B cells
CGGGACAAGCTCGCTT-1_atac,CD14 Monocytes
CGGGCTTAGTAGCGGG-1_atac,Naive CD8 T cells
CGGGTATGTTACTTCA-1_atac,NK/Effector T cells
CGGGTCTAGGTCTTGG-1_atac,NK/Effector T cells
CGGTGAACAAGTTATC-1_atac,Naive CD8 T cells
CGGTGAGAGCGAAGTA-1_atac,CD14 Monocytes
CGTAACCCAAGGTGCA-1_atac,B cells
CGTACGGGTTCCGCAC-1_atac,Naive CD8 T cells
CGTAGCGGTAATGGAA-1_atac,B cells
CGTCAATAGTCCTTCA-1_atac,CD14 Monocytes
CGTGCTGCAACACCTA-1_atac,CD14 Monocytes
CGTGCTGCAAGCCACT-1_atac,Naive CD8 T cells
CGTTAAATCCACCTGT-1_atac,Naive CD8 T cells
CGTTAACAGCTTAGCG-1_atac,Naive CD8 T cells
CGTTAGTAGGCCCAGT-1_atac,B cells
CGTTTCTCAGCTAACC-1_atac,CD14 Monocytes
CGTTTCTCATACTCCT-1_atac,NK/Effector T cells
CGTTTGTGTTTGCAGA-1_atac,B cells
CTAAAGCTCAATGAGG-1_atac,NK/Effector T cells
CTAAAGCTCCTCCCTC-1_atac,CD16 Monocytes
CTAAATGTCAATCATG-1_atac,Naive CD8 T cells
CTAACCACAGCTTAAT-1_atac,Naive CD8 T cells
CTAACCTGTTCCGCAC-1_atac,CD14 Monocytes
CTAAGGTTCGGCCATA-1_atac,NK/Effector T cells
CTAAGTCAGGTCATTA-1_atac,Naive CD8 T cells
CTAAGTCAGTCTATGA-1_atac,B cells
CTAATCCGTCATAGAT-1_atac,Naive CD8 T cells
CTAATGTCAAGGTAAC-1_atac,CD14 Monocytes
CTAATGTCAGTGAACG-1_atac,CD14 Monocytes
CTAATTGAGCTTTGGG-1_atac,Naive CD8 T cells
CTAGCTTGTATTTGGG-1_atac,Naive CD8 T cells
CTAGCTTGTCTTGCTG-1_atac,CD14 Monocytes
CTAGGCGGTTACCGGG-1_atac,CD14 Monocytes
CTAGTAATCAATACGC-1_atac,CD14 Monocytes
CTAGTAATCGGTTAGT-1_atac,CD14 Monocytes
CTAGTCGAGCAAGATG-1_atac,Naive CD8 T cells
CTAGTGAGTCCACAAA-1_atac,CD14 Monocytes
CTAGTTGCAAACTGTT-1_atac,Naive CD8 T cells
CTATGATCAGTAGGTG-1_atac,CD14 Monocytes
CTATTGAAGTCACTAA-1_atac,NK/Effector T cells
CTCACTCAGTAGGCGG-1_atac,CD14 Monocytes
CTCAGGATCAGGTCCA-1_atac,NK/Effector T cells
CTCAGGATCGAGGTGG-1_atac,CD14 Monocytes
CTCCCTGAGCGAAGTA-1_atac,NK/Effector T cells
CTCCCTGAGGCGGATG-1_atac,NK/Effector T cells
CTCCGGACACAACCTA-1_atac,Naive CD8 T cells
CTCCGTCCAATTAGCT-1_atac,CD14 Monocytes
CTCCGTCCAGTGAACG-1_atac,CD14 Monocytes
CTCCTAATCGAGGAGT-1_atac,CD14 Monocytes
CTCCTCACACATACTG-1_atac,CD14 Monocytes
CTCCTGAGTGTTCCCA-1_atac,Naive CD8 T cells
CTCGACAAGACTCGCA-1_atac,NK/Effector T cells
CTCGCTAGTACAATGT-1_atac,Naive CD8 T cells
CTCGCTCCACCAGCAT-1_atac,Memory T cells
CTCTATGTCGCAACAT-1_atac,NK/Effector T cells
CTCTATGTCGTGCTTC-1_atac,B cells
CTCTCACAGTTAGAGG-1_atac,CD14 Monocytes
CTCTGTTCAGGCTTGT-1_atac,Naive CD8 T cells
CTCTGTTCATTCCTCG-1_atac,CD14 Monocytes
CTGACCAAGGTGCGGA-1_atac,CD14 Monocytes
CTGACCAAGTGCTGTG-1_atac,NK/Effector T cells
CTGCAATAGGCATGAA-1_atac,CD14 Monocytes
CTGGACCAGACAGGCG-1_atac,CD14 Monocytes
CTGGACCAGCATGGTT-1_atac,CD14 Monocytes
CTGGCTAAGCTATATG-1_atac,CD14 Monocytes
CTGGTCAAGGCACAGG-1_atac,Naive CD8 T cells
CTGGTTACAAGGTGGC-1_atac,Naive CD8 T cells
CTGTACCTCTCGCCCA-1_atac,NK/Effector T cells
CTGTATTTCACAAGCT-1_atac,Naive CD8 T cells
CTGTGTGAGCGCCTAA-1_atac,B cells
CTGTTCATCAGTTCCC-1_atac,CD14 Monocytes
CTGTTGGAGCATGTTA-1_atac,B cells
CTGTTGGAGCCGCAGT-1_atac,B cells
CTGTTGGAGGCTACAT-1_atac,B cells
CTTAAGGGTTGGTTCT-1_atac,CD16 Monocytes
CTTACTAGTTCCGGGA-1_atac,CD14 Monocytes
CTTAGGAGTTACAAAC-1_atac,NK/Effector T cells
CTTAGTTTCGATTTAG-1_atac,Naive CD8 T cells
CTTATTGGTCGACTAA-1_atac,CD14 Monocytes
CTTCAATTCAGCATTA-1_atac,CD14 Monocytes
CTTCACTCACACTAAT-1_atac,Naive CD8 T cells
CTTCATCCAACAGGTG-1_atac,Naive CD8 T cells
CTTCGCGTCCGTTATT-1_atac,CD14 Monocytes
CTTGAATCATTCCTCG-1_atac,Naive CD8 T cells
CTTGACGAGTCACTCC-1_atac,Naive CD8 T cells
CTTGCAACACAGACTC-1_atac,Naive CD8 T cells
CTTGCGCGTCCGGTTC-1_atac,B cells
CTTGCGCGTTAACGGC-1_atac,B cells
CTTGGACCAAACTGCC-1_atac,CD16 Monocytes
CTTGGACCACCAACCG-1_atac,CD14 Monocytes
CTTGTCCAGACAAGTG-1_atac,CD14 Monocytes
CTTTAGGCAAGGCCAA-1_atac,B cells
CTTTAGTTCATGCATA-1_atac,Naive CD8 T cells
CTTTAGTTCATTTGTC-1_atac,NK/Effector T cells
CTTTATGGTGCATCGG-1_atac,CD14 Monocytes
CTTTATGGTTGTCCAT-1_atac,Memory T cells
CTTTATGGTTTCGCCA-1_atac,NK/Effector T cells
CTTTCTTGTACCGTTT-1_atac,CD16 Monocytes
CTTTCTTGTCCAAATG-1_atac,CD14 Monocytes
CTTTGGTGTACCTTAC-1_atac,CD14 Monocytes
CTTTGGTGTCGCATAA-1_atac,Naive CD8 T cells
GAAACCCGTATTTGGG-1_atac,Memory T cells
GAACCTGTCATGTGGT-1_atac,CD14 Monocytes
GAACGAATCATTGCGG-1_atac,Naive CD8 T cells
GAAGCTAAGGACCGCT-1_atac,CD14 Monocytes
GAAGCTAAGTCTGGGC-1_atac,B cells
GAAGGAACAGAAATTG-1_atac,Naive CD8 T cells
GAAGGCTAGGCAATAG-1_atac,B cells
GAAGTAAGTCGTAATG-1_atac,Naive CD8 T cells
GAAGTATAGGAAACTG-1_atac,Naive CD8 T cells
GAATTTGTCACAGCCA-1_atac,CD14 Monocytes
GACATTATCCATAATG-1_atac,NK/Effector T cells
GACCGAACAACTCGCG-1_atac,Naive CD8 T cells
GACCGAACATGTTGGC-1_atac,NK/Effector T cells
GACCTGATCATCCTCA-1_atac,CD14 Monocytes
GACTATTCACGTAATT-1_atac,CD14 Monocytes
GACTATTCAGTGAACG-1_atac,NK/Effector T cells
GACTCACCACCACAAC-1_atac,B cells
GACTTACAGCTACTGG-1_atac,Naive CD8 T cells
GACTTAGGTACTTCAC-1_atac,CD14 Monocytes
GACTTAGGTTGTTGTC-1_atac,CD14 Monocytes
GACTTAGGTTTAAAGC-1_atac,CD14 Monocytes
GACTTGGTCATTAGGC-1_atac,Naive CD8 T cells
GAGATAAGTTCACCCA-1_atac,CD14 Monocytes
GAGCAAATCATTGCAA-1_atac,Naive CD8 T cells
GAGCAAGGTAGACAAA-1_atac,CD14 Monocytes
GAGCCTTCAGCCTGCA-1_atac,B cells
GAGCCTTCATTGTCCT-1_atac,NK/Effector T cells
GAGCGATAGTTATGGC-1_atac,CD14 Monocytes
GAGCGGTCAAGGGTTG-1_atac,CD14 Monocytes
GAGCGGTCACCCTCAC-1_atac,B cells
GAGCTAGCACACCAAC-1_atac,B cells
GAGCTGCTCATAACTG-1_atac,NK/Effector T cells
GAGCTGCTCATGCCTC-1_atac,CD14 Monocytes
GAGCTGCTCCTGTTCA-1_atac,NK/Effector T cells
GAGCTTGTCCTCCTAA-1_atac,CD14 Monocytes
GAGCTTGTCCTGAATA-1_atac,Naive CD8 T cells
GAGGACTAGCTAAAGG-1_atac,Naive CD8 T cells
GAGGAGGCATGCTATG-1_atac,CD14 Monocytes
GAGGCTTGTATTGAGT-1_atac,Naive CD8 T cells
GAGGGAGCAGCATGTC-1_atac,B cells
GAGGTACAGGACCGCT-1_atac,CD16 Monocytes
GAGGTAGGTAGGTTAT-1_atac,Naive CD8 T cells
GAGGTGAGTAAGCACC-1_atac,NK/Effector T cells
GAGGTGAGTAGCCTAA-1_atac,CD16 Monocytes
GAGGTGAGTAGGTTAT-1_atac,CD14 Monocytes
GAGGTGAGTGTGTGGT-1_atac,Naive CD8 T cells
GAGGTGAGTGTTTCAC-1_atac,Naive CD8 T cells
GAGTAACCAGATAGAC-1_atac,CD14 Monocytes
GAGTAACCATGAGCAG-1_atac,CD14 Monocytes
GATAAAGGTTTATGGG-1_atac,CD14 Monocytes
GATAACGAGCTTAGCG-1_atac,NK/Effector T cells
GATAACGAGTCAATTG-1_atac,CD14 Monocytes
GATAACGAGTTAGCTA-1_atac,B cells
GATAAGCCAAGACTCC-1_atac,Naive CD8 T cells
GATAATCGTACAAAGA-1_atac,Naive CD8 T cells
GATAGACCACTCAACA-1_atac,CD16 Monocytes
GATCACTAGGACCTCA-1_atac,B cells
GATCAGTTCAATCATG-1_atac,CD14 Monocytes
GATCAGTTCGGTCAAT-1_atac,B cells
GATCCGTCAGTTAAAG-1_atac,Naive CD8 T cells
GATCGCTCATTAGCCA-1_atac,Naive CD8 T cells
GATGCAGCAAGGATTA-1_atac,CD14 Monocytes
GATGCAGCACGTTACA-1_atac,CD14 Monocytes
GATGCTTAGGAGCACG-1_atac,Naive CD8 T cells
GATGGCTGTACGATTG-1_atac,CD14 Monocytes
GATGGCTGTCCGCTGT-1_atac,CD14 Monocytes
GATTACGGTTGGATCA-1_atac,Naive CD8 T cells
GATTACTCAATTGAAG-1_atac,B cells
GATTACTCAGGAACTG-1_atac,B cells
GATTACTCAGTTAAAG-1_atac,NK/Effector T cells
GATTAGCTCTAAGTGC-1_atac,Naive CD8 T cells
GATTATGTCAAACACC-1_atac,B cells
GATTATGTCCTCACTA-1_atac,B cells
GATTCAATCGCTTCTA-1_atac,Naive CD8 T cells
GATTCAATCTGTAATG-1_atac,B cells
GATTGCAGTGAGGTGA-1_atac,CD14 Monocytes
GATTGGCGTACCAGGT-1_atac,Naive CD8 T cells
GATTGGCGTGTTAGCA-1_atac,B cells
GATTGGTTCCCGAAGC-1_atac,B cells
GCAAACAAGCAAACCT-1_atac,CD14 Monocytes
GCAAACTTCACTCAAA-1_atac,CD14 Monocytes
GCAAACTTCAGGATGA-1_atac,CD14 Monocytes
GCAAGCCTCTCGCCTG-1_atac,B cells
GCAATAGAGATTGAGG-1_atac,CD14 Monocytes
GCAATATGTAGGTTGC-1_atac,CD14 Monocytes
GCAATGAAGTAGCGGG-1_atac,NK/Effector T cells
GCAATGTTCATGACCG-1_atac,CD14 Monocytes
GCAATGTTCCTGGTCT-1_atac,CD14 Monocytes
GCACCTAAGGTGAAAT-1_atac,CD14 Monocytes
GCACGAACAGACAAAC-1_atac,Naive CD8 T cells
GCACGCTAGGAAACTG-1_atac,CD14 Monocytes
GCACTAAGTAACCAGC-1_atac,NK/Effector T cells
GCACTAAGTTCATCTA-1_atac,Naive CD8 T cells
GCACTTACAGCAGGTA-1_atac,B cells
GCAGCTATCTGTTGCC-1_atac,CD14 Monocytes
GCAGGAAGTCCCGAAG-1_atac,NK/Effector T cells
GCAGGATAGAAAGGAA-1_atac,Naive CD8 T cells
GCAGGATAGTTAGGCT-1_atac,NK/Effector T cells
GCAGGCAAGCAGGTTT-1_atac,CD14 Monocytes
GCAGGCAAGGACCTGC-1_atac,Naive CD8 T cells
GCATGAAAGCGAGGTG-1_atac,B cells
GCATGAAAGGCAATAG-1_atac,B cells
GCATTAGGTATGGTGC-1_atac,CD16 Monocytes
GCATTAGGTATTCGTC-1_atac,B cells
GCCAACATCCGGCTAA-1_atac,CD14 Monocytes
GCCACACAGGTCCTGA-1_atac,Naive CD8 T cells
GCCACTAAGGAACCGG-1_atac,Naive CD8 T cells
GCCAGGAAGGAACCGG-1_atac,CD14 Monocytes
GCCAGGTTCCAAACAC-1_atac,CD14 Monocytes
GCCAGGTTCGTCAAGT-1_atac,CD14 Monocytes
GCCATTACAGCCTAAC-1_atac,Naive CD8 T cells
GCCCATAAGCCGCAGT-1_atac,Naive CD8 T cells
GCCTATTGTCATTGTC-1_atac,CD14 Monocytes
GCCTATTGTTATCCGT-1_atac,Naive CD8 T cells
GCCTCGACACGAATCC-1_atac,Naive CD8 T cells
GCCTCGACAGTGAACG-1_atac,CD14 Monocytes
GCCTGTGCAGGCGAGT-1_atac,CD14 Monocytes
GCCTTAACACAATGTT-1_atac,CD14 Monocytes
GCCTTAACACTTAGGC-1_atac,Naive CD8 T cells
GCCTTAACAGCATGAG-1_atac,B cells
GCCTTAACAGGCGAGT-1_atac,CD16 Monocytes
GCCTTACTCACTAAGC-1_atac,B cells
GCCTTACTCTTGCTAT-1_atac,NK/Effector T cells
GCCTTAGAGCTGCACA-1_atac,CD14 Monocytes
GCCTTAGAGTTATGGC-1_atac,Naive CD8 T cells
GCCTTGCGTCATAACG-1_atac,CD14 Monocytes
GCCTTGCGTTAAGCTG-1_atac,CD14 Monocytes
GCGAAGTAGGGTGAAC-1_atac,CD14 Monocytes
GCGCAAACATAAGCAA-1_atac,Naive CD8 T cells
GCGCTAGGTTTGCGCC-1_atac,Naive CD8 T cells
GCGCTTAAGCTCCCTG-1_atac,NK/Effector T cells
GCGCTTGCATTAGCCA-1_atac,NK/Effector T cells
GCGGAACCAAGCTTTG-1_atac,NK/Effector T cells
GCGGAACCACAAAGGT-1_atac,NK/Effector T cells
GCGGAACCATCACAGC-1_atac,Naive CD8 T cells
GCGGGTTTCCCTGTTA-1_atac,CD14 Monocytes
GCGTGCTAGCCTGATG-1_atac,Naive CD8 T cells
GCTAACAGTAAATTGC-1_atac,Naive CD8 T cells
GCTAACAGTGGATTAT-1_atac,Naive CD8 T cells
GCTAACAGTTTAACCC-1_atac,CD14 Monocytes
GCTAACCCAAGGAATC-1_atac,CD14 Monocytes
GCTAAGCGTTAAGCGC-1_atac,B cells
GCTAGCTCATCCATCT-1_atac,Naive CD8 T cells
GCTAGTGTCAAACACC-1_atac,CD14 Monocytes
GCTATCCTCAAATCGC-1_atac,CD16 Monocytes
GCTATTGCAACCCTAA-1_atac,CD14 Monocytes
GCTCAACCATTTGCTC-1_atac,Naive CD8 T cells
GCTCACAAGCTCGCTT-1_atac,B cells
GCTCCTTAGCTTTGTT-1_atac,CD14 Monocytes
GCTCGATCAGTCTAAT-1_atac,B cells
GCTCTGGCAGTAGGTG-1_atac,CD14 Monocytes
GCTCTGTTCCATAATG-1_atac,B cells
GCTCTGTTCTGTTGCC-1_atac,CD14 Monocytes
GCTCTGTTCTTAGCGG-1_atac,CD14 Monocytes
GCTGACCAGTCCTGAG-1_atac,CD14 Monocytes
GCTGAGGAGCACCACA-1_atac,CD14 Monocytes
GCTGCACAGTTTGCGG-1_atac,CD14 Monocytes
GCTGGATGTGCATTAG-1_atac,CD14 Monocytes
GCTGTGCAGCTAATCA-1_atac,Naive CD8 T cells
GCTTAAATCCTTTACG-1_atac,CD14 Monocytes
GCTTACCTCGAGGAAC-1_atac,CD14 Monocytes
GCTTCGCGTCAGGCAT-1_atac,CD16 Monocytes
GCTTCGCGTGCTTACT-1_atac,Memory T cells
GCTTGACCAGCATGGA-1_atac,CD14 Monocytes
GCTTGTTGTACCGAAC-1_atac,CD14 Monocytes
GCTTTATTCGGCCAGT-1_atac,B cells
GCTTTCATCATGCAAC-1_atac,NK/Effector T cells
GCTTTGTGTGTAACCA-1_atac,CD14 Monocytes
GCTTTGTGTTCACCCA-1_atac,CD14 Monocytes
GGAAACTCAAGCCAGA-1_atac,CD14 Monocytes
GGAAACTCACCAAAGG-1_atac,NK/Effector T cells
GGAACCACAAGGTATA-1_atac,CD14 Monocytes
GGAACCACACTAGCGT-1_atac,B cells
GGAACCACAGTAGGTG-1_atac,Naive CD8 T cells
GGAAGCTAGGCAAGTA-1_atac,NK/Effector T cells
GGAATCTTCCCATAAA-1_atac,NK/Effector T cells
GGACAGCCATAATGAG-1_atac,Naive CD8 T cells
GGACAGCCATGTTGTG-1_atac,Naive CD8 T cells
GGACCTCAGGAGTCTT-1_atac,CD14 Monocytes
GGACCTCAGTTAGAGG-1_atac,Naive CD8 T cells
GGACGAAGTGTGTCCC-1_atac,B cells
GGACGAAGTTGAGCCG-1_atac,CD14 Monocytes
GGAGGTTAGACTAAGG-1_atac,Naive CD8 T cells
GGAGGTTAGACTTATG-1_atac,B cells
GGAGGTTAGGCTCATG-1_atac,Naive CD8 T cells
GGAGTCTGTTATCCGT-1_atac,NK/Effector T cells
GGATAACCAAGATTCT-1_atac,NK/Effector T cells
GGATAACCAATTAGGA-1_atac,CD14 Monocytes
GGATGAATCGTTAACA-1_atac,CD14 Monocytes
GGATGGCCACACTAAT-1_atac,CD14 Monocytes
GGATTATGTAAGCTTG-1_atac,B cells
GGATTATGTTGTTCAC-1_atac,Naive CD8 T cells
GGCAAATCAAGCCAGA-1_atac,CD16 Monocytes
GGCAAATCAGGATTAA-1_atac,CD16 Monocytes
GGCAAATCATAATCGT-1_atac,NK/Effector T cells
GGCAAATCATTAAGTC-1_atac,B cells
GGCAAGCCAGTTATCG-1_atac,CD14 Monocytes
GGCATGGAGCACAGAA-1_atac,CD16 Monocytes
GGCCTAATCATTGTCT-1_atac,Naive CD8 T cells
GGCGGTTTCACCTGCT-1_atac,CD14 Monocytes
GGCGTTATCGAGGTGG-1_atac,Naive CD8 T cells
GGCTAGTGTCCAAGAC-1_atac,CD14 Monocytes
GGCTAGTGTTGTTCAC-1_atac,Naive CD8 T cells
GGCTAGTGTTTAAAGC-1_atac,CD14 Monocytes
GGCTATGTCTCCTCAA-1_atac,CD16 Monocytes
GGCTCAATCATGCGTG-1_atac,CD14 Monocytes
GGCTCAATCGTTAACA-1_atac,NK/Effector T cells
GGCTCACAGCTACTGG-1_atac,Naive CD8 T cells
GGCTCACAGTTGTCCC-1_atac,Naive CD8 T cells
GGCTCACAGTTTCCTG-1_atac,NK/Effector T cells
GGCTGAGAGACCATAC-1_atac,NK/Effector T cells
GGGAGTAGTGCTTACT-1_atac,B cells
GGGATAATCCCGTTGT-1_atac,Naive CD8 T cells
GGGATTAAGGCTTAGT-1_atac,NK/Effector T cells
GGGCCTAGTAAGGTCC-1_atac,CD14 Monocytes
GGGCCTAGTAGGTGTC-1_atac,Naive CD8 T cells
GGGCGAATCGAAGCGG-1_atac,CD14 Monocytes
GGGCGAATCGGGATTT-1_atac,NK/Effector T cells
GGGTATTTCAGTTCCC-1_atac,B cells
GGGTATTTCGGCTATG-1_atac,CD14 Monocytes
GGGTGAAGTACTTAGG-1_atac,NK/Effector T cells
GGGTGAAGTCACAAAT-1_atac,B cells
GGGTGTTGTTACTTGC-1_atac,B cells
GGGTTACGTAACTACG-1_atac,CD14 Monocytes
GGGTTACGTGAGGTGA-1_atac,CD14 Monocytes
GGGTTATTCCGGTTAG-1_atac,CD14 Monocytes
GGGTTATTCGACAAAG-1_atac,Naive CD8 T cells
GGGTTTCCACAACAAA-1_atac,CD14 Monocytes
GGGTTTGTCATCCTCA-1_atac,CD16 Monocytes
GGTAACTTCACCGGTA-1_atac,B cells
GGTAACTTCTTGAGCG-1_atac,CD14 Monocytes
GGTAATTGTTCCGGGA-1_atac,CD14 Monocytes
GGTACTAGTAAGTCGC-1_atac,CD14 Monocytes
GGTACTAGTCGCAATA-1_atac,Naive CD8 T cells
GGTACTAGTTCCATTA-1_atac,CD14 Monocytes
GGTAGGAGTCACTCGC-1_atac,B cells
GGTAGGAGTTCCGGCT-1_atac,B cells
GGTATTGGTGGCTTCC-1_atac,Naive CD8 T cells
GGTCAAGCAGGACACA-1_atac,NK/Effector T cells
GGTCAATTCCTAAGAC-1_atac,CD14 Monocytes
GGTCAATTCGTCCTTA-1_atac,Naive CD8 T cells
GGTCATTAGTGAGAGC-1_atac,Naive CD8 T cells
GGTCCATCAACAGCCT-1_atac,CD14 Monocytes
GGTCCGTAGGAAGCTA-1_atac,B cells
GGTCCGTAGTGAACAG-1_atac,B cells
GGTCGGTTCACTTTAC-1_atac,Naive CD8 T cells
GGTCGGTTCATCAGTA-1_atac,B cells
GGTCTTGAGGCCGGAA-1_atac,CD14 Monocytes
GGTCTTGAGGGATGCG-1_atac,B cells
GGTGAGGTCATTACGA-1_atac,Naive CD8 T cells
GGTGAGTAGCGAGTAA-1_atac,Naive CD8 T cells
GGTGATTTCCTCATGC-1_atac,CD14 Monocytes
GGTGCTTCAAACCTAT-1_atac,NK/Effector T cells
GGTGCTTCACCGTTCC-1_atac,CD16 Monocytes
GGTGCTTCATTATGCG-1_atac,CD14 Monocytes
GGTGTGACACTTCACT-1_atac,Naive CD8 T cells
GGTGTTGTCCTTGCAC-1_atac,CD16 Monocytes
GGTGTTGTCGAAGCGG-1_atac,CD14 Monocytes
GGTGTTGTCGAGGAGT-1_atac,Naive CD8 T cells
GGTTACCCACAGCCAT-1_atac,CD14 Monocytes
GGTTACCCATAGACCC-1_atac,CD16 Monocytes
GGTTATATCTAACCTT-1_atac,B cells
GGTTATGGTGTCCAAA-1_atac,Naive CD8 T cells
GGTTATGGTTCATCTA-1_atac,Naive CD8 T cells
GGTTCTTGTAGGTTTG-1_atac,Naive CD8 T cells
GGTTGACGTCCGTGAG-1_atac,NK/Effector T cells
GGTTGAGCAATTTGGT-1_atac,CD14 Monocytes
GGTTGCATCTTTGAGA-1_atac,B cells
GGTTGCTCAAACAACA-1_atac,B cells
GGTTGGTGTCTCAGCC-1_atac,CD14 Monocytes
GGTTTAATCCTTAATC-1_atac,Naive CD8 T cells
GGTTTAATCCTTCGTA-1_atac,Naive CD8 T cells
GGTTTCCTCACATTGA-1_atac,CD14 Monocytes
GTAAGCGCAGGACCTT-1_atac,Naive CD8 T cells
GTAAGGTCAAGGGTTG-1_atac,NK/Effector T cells
GTAAGGTCAATTAGGA-1_atac,CD14 Monocytes
GTAATAGCAAATATCC-1_atac,B cells
GTAATAGCAACTGGCT-1_atac,Naive CD8 T cells
GTAATAGCAGGAAGCC-1_atac,NK/Effector T cells
GTACTGGTCACTAGGT-1_atac,CD14 Monocytes
GTACTTCGTAATGGAA-1_atac,Naive CD8 T cells
GTAGCCATCCGTTAAA-1_atac,Naive CD8 T cells
GTAGGAGGTAATGGCC-1_atac,CD14 Monocytes
GTAGGAGGTGCTGGTG-1_atac,Naive CD8 T cells
GTAGGAGGTTGGTTCT-1_atac,CD16 Monocytes
GTAGGATCAGCTCATA-1_atac,CD14 Monocytes
GTAGGATCATGTTGCA-1_atac,CD14 Monocytes
GTAGTTTCAAAGCCTC-1_atac,Naive CD8 T cells
GTATCGCCAGCCTGCA-1_atac,Naive CD8 T cells
GTATTCAAGTTTGGGT-1_atac,Naive CD8 T cells
GTATTGATCCCGAAGC-1_atac,NK/Effector T cells
GTCAAACTCATGCAAC-1_atac,CD14 Monocytes
GTCATCCTCACTTCAT-1_atac,CD14 Monocytes
GTCATTAAGGCGCTTA-1_atac,CD14 Monocytes
GTCATTAAGTTAGACC-1_atac,CD14 Monocytes
GTCCGTAAGTTCCCGT-1_atac,Naive CD8 T cells
GTCCTCCCAATAACGA-1_atac,CD14 Monocytes
GTCCTCCCACTCAACA-1_atac,Naive CD8 T cells
GTCGAAGCATTTGCTC-1_atac,CD16 Monocytes
GTCGAGGAGGCGGGTA-1_atac,CD14 Monocytes
GTCGAGGAGTTTCCTG-1_atac,NK/Effector T cells
GTCGCAATCATCAGTA-1_atac,Naive CD8 T cells
GTCGCAATCATGCTCC-1_atac,Naive CD8 T cells
GTCGGTTCAATTTGGT-1_atac,Naive CD8 T cells
GTCTAACAGTAACGAG-1_atac,CD14 Monocytes
GTCTAATCATGTTGGC-1_atac,B cells
GTCTAGCCAGCTCAAC-1_atac,Naive CD8 T cells
GTCTAGCCAGTTTACG-1_atac,Naive CD8 T cells
GTCTATGCATAATGAG-1_atac,CD16 Monocytes
GTCTATGCATAGCGAG-1_atac,NK/Effector T cells
GTCTTTAGTCACAGCG-1_atac,NK/Effector T cells
GTCTTTGTCCTAATTC-1_atac,NK/Effector T cells
GTGAATCTCCGGTATG-1_atac,Naive CD8 T cells
GTGATGAAGGAGGACT-1_atac,Naive CD8 T cells
GTGATGAAGGATAAAC-1_atac,Naive CD8 T cells
GTGCAAGCATTCCTGT-1_atac,CD14 Monocytes
GTGCCTTTCAATTACG-1_atac,B cells
GTGCCTTTCCTGATGG-1_atac,CD14 Monocytes
GTGCGCAGTGGTTAGC-1_atac,B cells
GTGCGCAGTTTGCAGA-1_atac,NK/Effector T cells
GTGCGGTTCTCACACC-1_atac,CD14 Monocytes
GTGCTCCGTCGCAATA-1_atac,Naive CD8 T cells
GTGCTCCGTGCAACTA-1_atac,Naive CD8 T cells
GTGCTCCGTTACCTGT-1_atac,NK/Effector T cells
GTGCTGATCGTTTCCA-1_atac,Naive CD8 T cells
GTGCTGGGTACCTTAC-1_atac,Naive CD8 T cells
GTGCTGGGTCGCGCAA-1_atac,CD14 Monocytes
GTGCTTCTCATTACAG-1_atac,B cells
GTGCTTCTCTGCAACG-1_atac,Naive CD8 T cells
GTGGACACAATCCCTT-1_atac,NK/Effector T cells
GTGGACACACGGTACT-1_atac,CD14 Monocytes
GTGGACACATAATCCG-1_atac,Naive CD8 T cells
GTGGATGCAACCCTAA-1_atac,B cells
GTGGATGCAGTTAAAG-1_atac,NK/Effector T cells
GTGTAACTCCTGAGTG-1_atac,Naive CD8 T cells
GTGTCCAAGGAAACTG-1_atac,B cells
GTGTCCAAGTTATCCT-1_atac,CD14 Monocytes
GTGTGAGCAGCACGTT-1_atac,CD16 Monocytes
GTGTGCGGTAACCACA-1_atac,Naive CD8 T cells
GTGTGCGGTATTGTCC-1_atac,CD14 Monocytes
GTGTTACAGCCTCTGT-1_atac,B cells
GTGTTACAGTCGCTAG-1_atac,B cells
GTGTTACAGTTACCGG-1_atac,Naive CD8 T cells
GTGTTCCTCGTGCTTC-1_atac,CD16 Monocytes
GTGTTCCTCTATCGCC-1_atac,B cells
GTTAACGGTCCGGTTC-1_atac,CD14 Monocytes
GTTAAGCTCTTGCAAA-1_atac,CD14 Monocytes
GTTAATGTCATTATGG-1_atac,Naive CD8 T cells
GTTACAGGTCATAAGT-1_atac,CD14 Monocytes
GTTACAGGTTGGTGAC-1_atac,B cells
GTTACTAAGCTTGCTC-1_atac,CD14 Monocytes
GTTACTCGTTAGGACC-1_atac,B cells
GTTCCCAGTAATCCCT-1_atac,CD14 Monocytes
GTTCCCAGTCCAAGAC-1_atac,B cells
GTTCCTTCAAGCTAAA-1_atac,B cells
GTTCCTTCAATCATGT-1_atac,CD14 Monocytes
GTTCCTTCAGGCATCT-1_atac,Naive CD8 T cells
GTTCTTAGTGTTGCTT-1_atac,CD14 Monocytes
GTTCTTAGTTGTTGCT-1_atac,CD16 Monocytes
GTTCTTGTCATTTAGG-1_atac,CD14 Monocytes
GTTGCCCGTTTACCGT-1_atac,Naive CD8 T cells
GTTGCTGAGCTCAAAC-1_atac,NK/Effector T cells
GTTGGCCAGGGTGGAT-1_atac,Naive CD8 T cells
GTTGGCGGTGCTGTAA-1_atac,CD14 Monocytes
GTTGTTGCACATTAAC-1_atac,B cells
GTTGTTGCACGAACAG-1_atac,Naive CD8 T cells
GTTTAACCATCATGGC-1_atac,Naive CD8 T cells
GTTTACCGTTTAAAGC-1_atac,Naive CD8 T cells
GTTTATCTCGCTCCAT-1_atac,B cells
GTTTGCTGTATCTGGA-1_atac,CD16 Monocytes
GTTTGCTGTTGCAATG-1_atac,Naive CD8 T cells
GTTTGTAAGGCCAATT-1_atac,CD14 Monocytes
TAAAGCCTCAATGAGG-1_atac,Naive CD8 T cells
TAACCGGTCATTAGTG-1_atac,CD14 Monocytes
TAACCTAAGTAGCGGG-1_atac,CD14 Monocytes
TAAGCCAGTAAGCACC-1_atac,CD14 Monocytes
TAAGCCAGTACAAAGA-1_atac,CD14 Monocytes
TAAGCCTAGACAGGCG-1_atac,NK/Effector T cells
TAAGCTGGTTAATGCG-1_atac,Naive CD8 T cells
TAAGCTGGTTATCGAG-1_atac,CD16 Monocytes
TAAGGACCACCTGGTG-1_atac,CD14 Monocytes
TAAGGACCATAGCGGA-1_atac,CD14 Monocytes
TAAGGCTTCAGGGCCT-1_atac,CD14 Monocytes
TAAGGCTTCATAATCG-1_atac,CD14 Monocytes
TAAGGCTTCGGCTATG-1_atac,CD14 Monocytes
TAATCCGCAAACGCGA-1_atac,CD14 Monocytes
TAATGCATCCGCAACA-1_atac,CD14 Monocytes
TAATGCATCCGCCTAT-1_atac,NK/Effector T cells
TAATGGACATAGGCGA-1_atac,CD14 Monocytes
TAATGGTGTAGCAGCT-1_atac,NK/Effector T cells
TAATTGCCAAATGCCC-1_atac,B cells
TAATTGCCACCTGCTC-1_atac,Naive CD8 T cells
TACAATGTCATCAGTA-1_atac,Naive CD8 T cells
TACAATGTCGAAGTAG-1_atac,CD14 Monocytes
TACAGCTAGCTCCTTA-1_atac,Memory T cells
TACCGAAGTTGGGTTA-1_atac,Naive CD8 T cells
TACCGCAAGACTCGCA-1_atac,NK/Effector T cells
TACCTTAGTTCAAGCA-1_atac,Naive CD8 T cells
TACCTTAGTTGCGGAT-1_atac,CD14 Monocytes
TACCTTTAGGACAACA-1_atac,NK/Effector T cells
TACCTTTAGGCTGTGC-1_atac,B cells
TACCTTTAGGTGAAAT-1_atac,Naive CD8 T cells
TACCTTTAGGTGTCCA-1_atac,CD14 Monocytes
TACCTTTAGTCTTGAA-1_atac,Naive CD8 T cells
TACGCACCATGTTTGG-1_atac,Naive CD8 T cells
TACGGTTAGCTTAACA-1_atac,Naive CD8 T cells
TACGTACAGTTAGTGC-1_atac,CD14 Monocytes
TACTAAGTCCAATAGC-1_atac,CD14 Monocytes
TACTGAGGTTAATGCG-1_atac,B cells
TACTGCACAGCAACCT-1_atac,CD14 Monocytes
TACTGGCCAGCTTAAT-1_atac,CD14 Monocytes
TACTTGTTCCGCCTAT-1_atac,NK/Effector T cells
TAGCAGGCAAGGTACG-1_atac,CD14 Monocytes
TAGCAGGCAAGTTATC-1_atac,CD14 Monocytes
TAGCAGGCATAATCAC-1_atac,Naive CD8 T cells
TAGCATATCCGGTATG-1_atac,CD14 Monocytes
TAGCCTTGTCATAACG-1_atac,CD14 Monocytes
TAGCGCGGTACGCGCA-1_atac,Naive CD8 T cells
TAGCGCGGTTGCCTCA-1_atac,NK/Effector T cells
TAGCGGCTCTCCATGC-1_atac,CD14 Monocytes
TAGCTAATCACGTTAA-1_atac,Naive CD8 T cells
TAGCTAATCATGCGTG-1_atac,NK/Effector T cells
TAGCTAATCTCCATAT-1_atac,CD14 Monocytes
TAGCTAGGTTGCAATG-1_atac,CD16 Monocytes
TAGCTTAAGGCGCTAC-1_atac,Naive CD8 T cells
TAGCTTGCATCAATCG-1_atac,B cells
TAGGAGGGTTACAACG-1_atac,Naive CD8 T cells
TAGGAGGGTTATCGAG-1_atac,Naive CD8 T cells
TAGGAGTCATCGCTCC-1_atac,B cells
TAGGAGTCATTGTGGC-1_atac,CD14 Monocytes
TAGGCTGTCAATGAGG-1_atac,CD16 Monocytes
TAGGCTGTCAATTGGC-1_atac,NK/Effector T cells
TAGGCTGTCGAGCTAT-1_atac,CD14 Monocytes
TAGGCTTAGGAAACTG-1_atac,NK/Effector T cells
TAGGGTTTCGCATCCT-1_atac,B cells
TAGGTTATCTTGAGCG-1_atac,Naive CD8 T cells
TAGTAAGCATCCCGCT-1_atac,NK/Effector T cells
TAGTACGGTGGATTGC-1_atac,Naive CD8 T cells
TAGTACGGTTAAGCCA-1_atac,B cells
TAGTCAATCGTTCACC-1_atac,CD14 Monocytes
TAGTGGCGTGTCCAGG-1_atac,NK/Effector T cells
TAGTGTGGTCGACTCC-1_atac,Naive CD8 T cells
TATAACCCACTTACAG-1_atac,NK/Effector T cells
TATAGCCAGCTTAGTA-1_atac,Naive CD8 T cells
TATATCCTCATTAGCA-1_atac,CD14 Monocytes
TATCACAAGCAAGGGT-1_atac,CD14 Monocytes
TATCACAAGTTTGCGG-1_atac,CD14 Monocytes
TATCGAGGTTGTAAAC-1_atac,Naive CD8 T cells
TATCGAGGTTTATCTG-1_atac,NK/Effector T cells
TATCGCACAAGTGAAC-1_atac,B cells
TATGAAGCAATAATCC-1_atac,CD14 Monocytes
TATGCATCATGTTTGG-1_atac,Naive CD8 T cells
TATGGATGTGGACCTG-1_atac,NK/Effector T cells
TATGGCCCAAATTCGT-1_atac,Naive CD8 T cells
TATGGCCCATAGCGGA-1_atac,CD16 Monocytes
TATGGGCGTTACCTGT-1_atac,B cells
TATGGGCGTTAGCTGA-1_atac,B cells
TATGGGCGTTCCGCAC-1_atac,Naive CD8 T cells
TATGGTCAGTGAGCAA-1_atac,CD14 Monocytes
TATGTGATCCACCTTA-1_atac,B cells
TATGTGATCCTAGTCC-1_atac,B cells
TATGTGATCGGTAACT-1_atac,B cells
TATTAGCCAGCAAATA-1_atac,CD14 Monocytes
TATTAGCCATTGTGTG-1_atac,NK/Effector T cells
TATTAGGTCCCGTTGT-1_atac,Naive CD8 T cells
TATTGACCAGGCATGA-1_atac,CD14 Monocytes
TATTGACCAGGCTAGA-1_atac,CD14 Monocytes
TATTGACCATGAGTTT-1_atac,CD16 Monocytes
TATTTGCTCACAGGAA-1_atac,Naive CD8 T cells
TATTTGCTCTGTGCAG-1_atac,NK/Effector T cells
TATTTGGAGTTTGGTA-1_atac,B cells
TCAACAATCATCGTTT-1_atac,CD14 Monocytes
TCAACAATCCAAGTTA-1_atac,NK/Effector T cells
TCAAGAACATGACTAT-1_atac,Naive CD8 T cells
TCAAGGAAGCACTAAC-1_atac,CD14 Monocytes
TCAAGGAAGTCACTCC-1_atac,CD14 Monocytes
TCAAGGAAGTTATTCC-1_atac,CD14 Monocytes
TCAAGGTTCCCTCTAA-1_atac,B cells
TCAAGTATCCTGCGAA-1_atac,NK/Effector T cells
TCAATCGCATTGCAGC-1_atac,B cells
TCACCGGCAACTAGAA-1_atac,CD14 Monocytes
TCACCTGGTGTTTGCT-1_atac,CD14 Monocytes
TCAGCAAGTAATCACG-1_atac,CD14 Monocytes
TCAGCCTTCACGAATC-1_atac,Naive CD8 T cells
TCAGCCTTCCACAATA-1_atac,Naive CD8 T cells
TCAGCCTTCCCTGACT-1_atac,CD16 Monocytes
TCAGCCTTCGAGGTGG-1_atac,NK/Effector T cells
TCAGCCTTCTTTAAGG-1_atac,B cells
TCAGCGATCCTTGCAC-1_atac,CD14 Monocytes
TCAGGAGCATGGCCCA-1_atac,CD14 Monocytes
TCAGGTCCATCTTGAG-1_atac,B cells
TCAGTGAGTTAATGAC-1_atac,CD14 Monocytes
TCATAACCAAGCCACT-1_atac,CD16 Monocytes
TCATACTTCATTTGTC-1_atac,Naive CD8 T cells
TCATACTTCTAACCAA-1_atac,B cells
TCATACTTCTCTAGCC-1_atac,Naive CD8 T cells
TCATCCATCAGCCAAT-1_atac,NK/Effector T cells
TCATCCATCCCGTTGT-1_atac,Naive CD8 T cells
TCATTGCGTAATCGTG-1_atac,CD14 Monocytes
TCATTGCGTTAGCAGC-1_atac,B cells
TCATTTGGTCACAGCG-1_atac,B cells
TCCAGCAAGGCTGTCA-1_atac,B cells
TCCAGGTCAAGGTCCT-1_atac,B cells
TCCATCATCCAATTAG-1_atac,CD14 Monocytes
TCCATGCTCATGCGTG-1_atac,CD14 Monocytes
TCCATGCTCGGGATTT-1_atac,CD14 Monocytes
TCCCTCACAAATACCT-1_atac,Naive CD8 T cells
TCCCTCACAAGTGTTT-1_atac,Naive CD8 T cells
TCCCTCACAATAATGG-1_atac,B cells
TCCCTGGTCTAATCAG-1_atac,CD14 Monocytes
TCCGGAATCATGCTAA-1_atac,B cells
TCCGGTAAGCTGTACG-1_atac,CD14 Monocytes
TCCGGTTTCGAGGTGG-1_atac,CD16 Monocytes
TCCTCAATCGACCTGA-1_atac,Naive CD8 T cells
TCCTCAATCTTCAATC-1_atac,CD14 Monocytes
TCCTCACAGACAACGA-1_atac,NK/Effector T cells
TCCTCACAGATACTTG-1_atac,B cells
TCCTCACAGCCTGGTA-1_atac,Naive CD8 T cells
TCCTCACAGTTGGATC-1_atac,B cells
TCCTGTTCAGCAACCT-1_atac,Naive CD8 T cells
TCCTTAGTCCCGAAGC-1_atac,CD14 Monocytes
TCCTTAGTCCGGTATG-1_atac,B cells
TCCTTGCAGTACCGCA-1_atac,B cells
TCCTTTACAGCACCAT-1_atac,Naive CD8 T cells
TCCTTTACAGTAAGTA-1_atac,CD14 Monocytes
TCGCCCATCGGGACCT-1_atac,CD14 Monocytes
TCGCGAGGTACAAAGA-1_atac,CD14 Monocytes
TCGCGAGGTATTGGTG-1_atac,Naive CD8 T cells
TCGCGCACATAGCTTG-1_atac,CD16 Monocytes
TCGGTAAGTATTGTCC-1_atac,CD14 Monocytes
TCGGTAAGTCGCAAAC-1_atac,Naive CD8 T cells
TCGGTTACAATGAATG-1_atac,Naive CD8 T cells
TCGTAATCAGCCTAAC-1_atac,B cells
TCGTCAACAAGGGTTG-1_atac,CD14 Monocytes
TCGTCAACAGCAAATA-1_atac,Naive CD8 T cells
TCGTGCTTCCCGAACA-1_atac,CD14 Monocytes
TCGTTAGCAGGCCTTG-1_atac,CD14 Monocytes
TCTAACCGTCACCTAT-1_atac,Naive CD8 T cells
TCTAGCCTCACCGGTA-1_atac,CD14 Monocytes
TCTCAAGCACGTGCTG-1_atac,NK/Effector T cells
TCTCAAGCATTAGGTT-1_atac,NK/Effector T cells
TCTCACCAGCCATCAG-1_atac,NK/Effector T cells
TCTCACCAGTAATCCA-1_atac,Naive CD8 T cells
TCTCACCAGTGAACGA-1_atac,Naive CD8 T cells
TCTCGCCCAATTGAGA-1_atac,Naive CD8 T cells
TCTGGCTTCGGTTTGG-1_atac,B cells
TCTTCAAGTGTTGTGA-1_atac,CD14 Monocytes
TCTTGTCCAATAACGA-1_atac,B cells
TCTTTGTAGTCATTTC-1_atac,Naive CD8 T cells
TGAAACTGTGACATAT-1_atac,CD14 Monocytes
TGAACAACACCAGGTT-1_atac,Naive CD8 T cells
TGAAGGATCCGGTTGA-1_atac,Naive CD8 T cells
TGAAGTGAGCACAGAA-1_atac,NK/Effector T cells
TGACTCCTCTTAGTCT-1_atac,Naive CD8 T cells
TGACTTAAGAGAGGAG-1_atac,B cells
TGAGAACCAAGCCAGA-1_atac,CD14 Monocytes
TGAGAACCAGGATAAC-1_atac,CD14 Monocytes
TGAGCACGTTAGAGGG-1_atac,Naive CD8 T cells
TGAGGAGGTGACATAT-1_atac,Naive CD8 T cells
TGAGGGAGTCAATACG-1_atac,Naive CD8 T cells
TGAGGTGCAGGAACAT-1_atac,B cells
TGAGTGAAGTTCCTGC-1_atac,NK/Effector T cells
TGATCAATCATCCTGC-1_atac,CD14 Monocytes
TGATCACAGGAAACTG-1_atac,Naive CD8 T cells
TGATCCTGTGTAACCA-1_atac,Memory T cells
TGATCGAGTGGATGTC-1_atac,Naive CD8 T cells
TGATGAACAAGGTACG-1_atac,CD14 Monocytes
TGATGATGTATTGTGG-1_atac,CD14 Monocytes
TGATGATGTCTTTGAC-1_atac,CD14 Monocytes
TGATTAGTCTACCTGC-1_atac,Naive CD8 T cells
TGCATCCTCTTTGTAC-1_atac,NK/Effector T cells
TGCCATTGTCCGTAGG-1_atac,Naive CD8 T cells
TGCCGGTAGGATCCGC-1_atac,Naive CD8 T cells
TGCGGTTCATTATGGT-1_atac,NK/Effector T cells
TGCTATGCAACTAGAA-1_atac,Naive CD8 T cells
TGCTATGCATAGGCGA-1_atac,CD14 Monocytes
TGCTCAACAGCTCATA-1_atac,CD14 Monocytes
TGCTCACTCGCAGGCT-1_atac,CD14 Monocytes
TGCTCTCAGCAATAGG-1_atac,NK/Effector T cells
TGCTTCATCGCTAGAT-1_atac,NK/Effector T cells
TGCTTTAGTGTTAAAC-1_atac,CD16 Monocytes
TGGAACAAGTTCCTGC-1_atac,NK/Effector T cells
TGGACCGGTGTGCAAC-1_atac,B cells
TGGACGGAGTTACCGG-1_atac,CD14 Monocytes
TGGATTGGTAGACAAA-1_atac,B cells
TGGCCATCACCATATG-1_atac,NK/Effector T cells
TGGCCATCACCGGCTA-1_atac,B cells
TGGCCATCATTGCGAC-1_atac,CD16 Monocytes
TGGCCTGCAACAGGTG-1_atac,NK/Effector T cells
TGGCCTTTCTTGAGGT-1_atac,Naive CD8 T cells
TGGCTTTGTCACCTAT-1_atac,CD14 Monocytes
TGGCTTTGTTTATGGG-1_atac,B cells
TGGGCATGTCTTTGAC-1_atac,CD14 Monocytes
TGGTCAGTCGTTAGTA-1_atac,Naive CD8 T cells
TGGTCAGTCGTTTCTG-1_atac,B cells
TGGTCATAGCGGGCAA-1_atac,Naive CD8 T cells
TGGTGATTCCGTTATT-1_atac,NK/Effector T cells
TGGTGCATCGTCATTT-1_atac,Naive CD8 T cells
TGGTTAATCAAGCGCC-1_atac,Naive CD8 T cells
TGGTTAATCAGCACCA-1_atac,CD14 Monocytes
TGGTTAATCCTAAGAC-1_atac,B cells
TGGTTCTGTTCCTGTG-1_atac,CD14 Monocytes
TGTAAAGCAGCTCATA-1_atac,CD16 Monocytes
TGTAACTCACCAGGTT-1_atac,NK/Effector T cells
TGTAAGTGTCAAGTAT-1_atac,Naive CD8 T cells
TGTATCCGTTCACCCA-1_atac,Naive CD8 T cells
TGTATCGCAGTACCGT-1_atac,B cells
TGTCAATCATGTCAAT-1_atac,Naive CD8 T cells
TGTCATAAGGTCATTA-1_atac,CD16 Monocytes
TGTCATAAGGTCCACA-1_atac,CD14 Monocytes
TGTCATAAGGTTTGCG-1_atac,CD14 Monocytes
TGTCCTGGTTCGCGCT-1_atac,B cells
TGTGCACCAATATACC-1_atac,NK/Effector T cells
TGTGCGCAGTAAGTGG-1_atac,Memory T cells
TGTGCGGGTGATGAGG-1_atac,CD14 Monocytes
TGTTATGAGCTCAATA-1_atac,NK/Effector T cells
TGTTCATTCCAAATCA-1_atac,CD14 Monocytes
TGTTGCACAGTTTACG-1_atac,CD14 Monocytes
TGTTGCACATTATGGT-1_atac,Naive CD8 T cells
TGTTGGCCATCTTGAG-1_atac,Naive CD8 T cells
TGTTGTAAGTAACCAC-1_atac,Naive CD8 T cells
TGTTGTTTCATAACGC-1_atac,NK/Effector T cells
TGTTGTTTCATTTAGG-1_atac,Naive CD8 T cells
TGTTTGTTCTACCTGC-1_atac,CD14 Monocytes
TTAAGCCAGCTATGAC-1_atac,CD14 Monocytes
TTAAGGACACCAAAGG-1_atac,NK/Effector T cells
TTAAGGACATTGACAT-1_atac,B cells
TTAATCGAGCCGCTTT-1_atac,Memory T cells
TTACACCGTTAACGGC-1_atac,NK/Effector T cells
TTACAGCAGTGAGCAA-1_atac,Naive CD8 T cells
TTACCGTGTTCACCAT-1_atac,CD14 Monocytes
TTACCTGTCTTTAGGA-1_atac,CD14 Monocytes
TTAGAAGCACTTAGGC-1_atac,CD14 Monocytes
TTAGCTGCAAGCTTAT-1_atac,CD14 Monocytes
TTAGCTGCACCTCAGG-1_atac,NK/Effector T cells
TTAGCTGCATTGCGAC-1_atac,CD14 Monocytes
TTAGGATGTAAGTCGC-1_atac,NK/Effector T cells
TTAGGCGTCCTAATGA-1_atac,B cells
TTAGGCTAGCTATTGA-1_atac,CD14 Monocytes
TTAGTCAAGCCTCTCG-1_atac,B cells
TTATAGCCAGCTTACA-1_atac,CD14 Monocytes
TTATCCTAGGCATTAC-1_atac,B cells
TTATCCTAGGGATTAG-1_atac,CD14 Monocytes
TTATGACCATTTAAGC-1_atac,CD14 Monocytes
TTATTGCTCAATCATG-1_atac,B cells
TTATTGCTCATTTAGG-1_atac,NK/Effector T cells
TTATTGCTCTGCAACG-1_atac,Naive CD8 T cells
TTCAACCGTTACGCAA-1_atac,CD14 Monocytes
TTCAGCACAGGTTATT-1_atac,B cells
TTCAGGTAGCTGTCAG-1_atac,CD14 Monocytes
TTCCCACAGCGCCTAA-1_atac,Naive CD8 T cells
TTCCCACAGGCGAATA-1_atac,CD14 Monocytes
TTCCTTCTCAGGAAGC-1_atac,CD14 Monocytes
TTCGCAACAACAGCCT-1_atac,Naive CD8 T cells
TTCGGTACACGAACAG-1_atac,CD14 Monocytes
TTCGGTACAGCAACCT-1_atac,Naive CD8 T cells
TTCGTGCTCCTGGTGA-1_atac,CD14 Monocytes
TTCGTGCTCGCAATCG-1_atac,CD14 Monocytes
TTGACATCAACGTGCT-1_atac,CD16 Monocytes
TTGACATCATAGCTGC-1_atac,Naive CD8 T cells
TTGACGTAGCAACAAG-1_atac,NK/Effector T cells
TTGACGTAGGTTAGAG-1_atac,B cells
TTGACTAAGTAAAGGT-1_atac,CD16 Monocytes
TTGATGTCAATTGAAG-1_atac,B cells
TTGCAAGGTGGGAACA-1_atac,CD14 Monocytes
TTGCAAGGTTGGCCGA-1_atac,Naive CD8 T cells
TTGCAATCATGGCCTG-1_atac,Naive CD8 T cells
TTGCAGCCAGCTTAAT-1_atac,Naive CD8 T cells
TTGCATTTCGCCTGTT-1_atac,B cells
TTGCGAGTCCCTGTTA-1_atac,CD14 Monocytes
TTGCTCTCATTAAAGG-1_atac,B cells
TTGCTTTAGCTGTACG-1_atac,NK/Effector T cells
TTGGATATCAGGTTTA-1_atac,CD14 Monocytes
TTGGATCAGCGATAAG-1_atac,NK/Effector T cells
TTGGCTTGTGTCCAGG-1_atac,Naive CD8 T cells
TTGGGCCAGTAACGAG-1_atac,Naive CD8 T cells
TTGGGCGGTCCGTGAG-1_atac,CD14 Monocytes
TTGGGCGGTCTCAGCC-1_atac,CD14 Monocytes
TTGGTGAGTCAAACTG-1_atac,Memory T cells
TTGTCAAAGTTGGATC-1_atac,Naive CD8 T cells
TTGTCAAAGTTTGGTA-1_atac,NK/Effector T cells
TTGTCCGGTTAGGCTA-1_atac,CD14 Monocytes
TTGTGCCTCATGGTGT-1_atac,NK/Effector T cells
TTGTGTGCAGCATGGA-1_atac,CD14 Monocytes
TTGTTCCCAGGCTTCG-1_atac,NK/Effector T cells
TTGTTGCGTGTGCAAC-1_atac,Naive CD8 T cells
TTTACGAAGACAACAG-1_atac,Naive CD8 T cells
TTTACGAAGCAGGTTT-1_atac,B cells
TTTAGCAAGGTAGCTT-1_atac,Naive CD8 T cells
TTTAGGATCGAAGCGG-1_atac,CD14 Monocytes
TTTATGGAGTTGTCCC-1_atac,CD14 Monocytes
TTTCACCCAGTAGGTG-1_atac,CD14 Monocytes
TTTCATCAGCCTGGTA-1_atac,NK/Effector T cells
TTTCCACCACATAACT-1_atac,Naive CD8 T cells
TTTCCGGGTTTAGTCC-1_atac,CD14 Monocytes
TTTCCTGAGTTGTCCC-1_atac,CD14 Monocytes
TTTCGTCCAAGACTCC-1_atac,CD14 Monocytes
TTTCGTCCAGAGGGAG-1_atac,Naive CD8 T cells
TTTCTCACATTCCTGT-1_atac,NK/Effector T cells
TTTCTTGCAGCACGTT-1_atac,CD14 Monocytes
TTTGACCGTAGTAAGA-1_atac,CD14 Monocytes
TTTGCATTCTAAGGTC-1_atac,Naive CD8 T cells
TTTGCGGAGCAGGTTT-1_atac,NK/Effector T cells
TTTGGCTGTTTACGTC-1_atac,Naive CD8 T cells
TTTGTGTTCCGCCTAT-1_atac,B cells
TTTGTGTTCCGTGACA-1_atac,NK/Effector T cells
TTTGTTGGTAGGTTTG-1_atac,B cells
