,pipeline,accuracy,type
0,scglue(multiome),0.9603421461897356,overall
1,scglue(multiome),0.8818181818181818,B-cells
2,scglue(multiome),0.9409448818897638,Basal progenitor
3,scglue(multiome),0.7959183673469388,DC
4,scglue(multiome),0.9722222222222222,Endothelial
5,scglue(multiome),0.9890829694323144,Fibroblasts
6,scglue(multiome),0.8666666666666667,Luminal mature
7,scglue(multiome),0.9893899204244032,Luminal progenitor
8,scglue(multiome),0.9061032863849765,Macrophages
9,scglue(multiome),0.8,Pericytes
10,scglue(multiome),0.9436619718309859,Plasma
11,scglue(multiome),0.9738372093023255,T-cells
12,scglue(multiome),0.9691235059760956,Tumor
13,scVI,0.765746500777605,overall
14,scVI,0.045454545454545456,B-cells
15,scVI,0.9488188976377953,Basal progenitor
16,scVI,0.0,DC
17,scVI,0.3055555555555556,Endothelial
18,scVI,0.9737991266375546,Fibroblasts
19,scVI,0.8266666666666667,Luminal mature
20,scVI,0.9734748010610079,Luminal progenitor
21,scVI,0.9342723004694836,Macrophages
22,scVI,0.11428571428571428,Pericytes
23,scVI,0.028169014084507043,Plasma
24,scVI,0.9215116279069767,T-cells
25,scVI,0.7569721115537849,Tumor
26,scglue,0.9541213063763608,overall
27,scglue,0.8863636363636364,B-cells
28,scglue,0.8582677165354331,Basal progenitor
29,scglue,0.7142857142857143,DC
30,scglue,0.9722222222222222,Endothelial
31,scglue,0.982532751091703,Fibroblasts
32,scglue,1.0,Luminal mature
33,scglue,0.9787798408488063,Luminal progenitor
34,scglue,0.9389671361502347,Macrophages
35,scglue,0.6285714285714286,Pericytes
36,scglue,0.971830985915493,Plasma
37,scglue,0.9302325581395349,T-cells
38,scglue,0.9694555112881806,Tumor
39,scJoint,0.9356531881804043,overall
40,scJoint,0.8318181818181818,B-cells
41,scJoint,0.7834645669291339,Basal progenitor
42,scJoint,0.14285714285714285,DC
43,scJoint,0.7777777777777778,Endothelial
44,scJoint,0.9759825327510917,Fibroblasts
45,scJoint,0.84,Luminal mature
46,scJoint,0.9814323607427056,Luminal progenitor
47,scJoint,0.9812206572769953,Macrophages
48,scJoint,0.05714285714285714,Pericytes
49,scJoint,0.49295774647887325,Plasma
50,scJoint,0.9534883720930233,T-cells
51,scJoint,0.9767596281540505,Tumor
52,scDART,0.8415629860031104,overall
53,scDART,0.05,B-cells
54,scDART,0.3543307086614173,Basal progenitor
55,scDART,0.08163265306122448,DC
56,scDART,0.2777777777777778,Endothelial
57,scDART,0.8733624454148472,Fibroblasts
58,scDART,0.013333333333333334,Luminal mature
59,scDART,0.9840848806366048,Luminal progenitor
60,scDART,0.863849765258216,Macrophages
61,scDART,0.0,Pericytes
62,scDART,0.18309859154929578,Plasma
63,scDART,0.8866279069767442,T-cells
64,scDART,0.9760956175298805,Tumor
65,Seurat(CCA),0.9288491446345256,overall
66,Seurat(CCA),0.7909090909090909,B-cells
67,Seurat(CCA),0.8818897637795275,Basal progenitor
68,Seurat(CCA),0.5306122448979592,DC
69,Seurat(CCA),0.8055555555555556,Endothelial
70,Seurat(CCA),0.9890829694323144,Fibroblasts
71,Seurat(CCA),0.6266666666666667,Luminal mature
72,Seurat(CCA),0.9708222811671088,Luminal progenitor
73,Seurat(CCA),0.971830985915493,Macrophages
74,Seurat(CCA),0.05714285714285714,Pericytes
75,Seurat(CCA),0.3380281690140845,Plasma
76,Seurat(CCA),0.9215116279069767,T-cells
77,Seurat(CCA),0.9658034528552457,Tumor
78,Portal,0.9224339035769828,overall
79,Portal,0.8818181818181818,B-cells
80,Portal,0.8307086614173228,Basal progenitor
81,Portal,0.5306122448979592,DC
82,Portal,0.8333333333333334,Endothelial
83,Portal,0.9912663755458515,Fibroblasts
84,Portal,0.84,Luminal mature
85,Portal,0.9522546419098143,Luminal progenitor
86,Portal,0.92018779342723,Macrophages
87,Portal,0.4857142857142857,Pericytes
88,Portal,0.9014084507042254,Plasma
89,Portal,0.9215116279069767,T-cells
90,Portal,0.9342629482071713,Tumor
91,simba,0.937791601866252,overall
92,simba,0.7727272727272727,B-cells
93,simba,0.905511811023622,Basal progenitor
94,simba,0.40816326530612246,DC
95,simba,0.9444444444444444,Endothelial
96,simba,0.980349344978166,Fibroblasts
97,simba,0.8266666666666667,Luminal mature
98,simba,0.986737400530504,Luminal progenitor
99,simba,0.9154929577464789,Macrophages
100,simba,0.37142857142857144,Pericytes
101,simba,0.8732394366197183,Plasma
102,simba,0.9563953488372093,T-cells
103,simba,0.9588313413014609,Tumor
104,scBridge,0.9317651632970451,overall
105,scBridge,0.8727272727272727,B-cells
106,scBridge,0.8346456692913385,Basal progenitor
107,scBridge,0.5918367346938775,DC
108,scBridge,0.9166666666666666,Endothelial
109,scBridge,0.9672489082969432,Fibroblasts
110,scBridge,1.0,Luminal mature
111,scBridge,0.9920424403183024,Luminal progenitor
112,scBridge,0.9577464788732394,Macrophages
113,scBridge,0.6571428571428571,Pericytes
114,scBridge,0.9577464788732394,Plasma
115,scBridge,0.9563953488372093,T-cells
116,scBridge,0.9332669322709163,Tumor
117,MinNet,0.7515552099533437,overall
118,MinNet,0.5909090909090909,B-cells
119,MinNet,0.6456692913385826,Basal progenitor
120,MinNet,0.04081632653061224,DC
121,MinNet,0.6666666666666666,Endothelial
122,MinNet,0.980349344978166,Fibroblasts
123,MinNet,0.26666666666666666,Luminal mature
124,MinNet,0.5676392572944297,Luminal progenitor
125,MinNet,0.8028169014084507,Macrophages
126,MinNet,0.22857142857142856,Pericytes
127,MinNet,0.19718309859154928,Plasma
128,MinNet,0.5465116279069767,T-cells
129,MinNet,0.8240371845949536,Tumor
130,BindSC,0.9020217729393468,overall
131,BindSC,0.85,B-cells
132,BindSC,0.8779527559055118,Basal progenitor
133,BindSC,0.20408163265306123,DC
134,BindSC,0.6388888888888888,Endothelial
135,BindSC,0.9563318777292577,Fibroblasts
136,BindSC,0.04,Luminal mature
137,BindSC,0.9840848806366048,Luminal progenitor
138,BindSC,0.9765258215962441,Macrophages
139,BindSC,0.08571428571428572,Pericytes
140,BindSC,0.19718309859154928,Plasma
141,BindSC,0.9563953488372093,T-cells
142,BindSC,0.9399070385126163,Tumor
143,Cobolt,0.6916796267496111,overall
144,Cobolt,0.12272727272727273,B-cells
145,Cobolt,0.2047244094488189,Basal progenitor
146,Cobolt,0.0,Endothelial
147,Cobolt,0.0,Fibroblasts
148,Cobolt,0.9279475982532751,Luminal progenitor
149,Cobolt,0.0,Macrophages
150,Cobolt,0.11936339522546419,Plasma
151,Cobolt,0.018779342723004695,T-cells
152,Cobolt,0.0,Tumor
153,Conos,0.8652799377916018,overall
154,Conos,0.8363636363636363,B-cells
155,Conos,0.8307086614173228,Basal progenitor
156,Conos,0.40816326530612246,DC
157,Conos,0.6666666666666666,Endothelial
158,Conos,0.7379912663755459,Fibroblasts
159,Conos,0.0,Luminal mature
160,Conos,0.9681697612732095,Luminal progenitor
161,Conos,0.7981220657276995,Macrophages
162,Conos,0.6,Pericytes
163,Conos,0.7605633802816901,Plasma
164,Conos,0.9011627906976745,T-cells
165,Conos,0.9143426294820717,Tumor
166,LIGER,0.8751944012441679,overall
167,LIGER,0.7,B-cells
168,LIGER,0.6889763779527559,Basal progenitor
169,LIGER,0.061224489795918366,DC
170,LIGER,0.2222222222222222,Endothelial
171,LIGER,0.9410480349344978,Fibroblasts
172,LIGER,0.0,Luminal mature
173,LIGER,0.8063660477453581,Luminal progenitor
174,LIGER,0.7934272300469484,Macrophages
175,LIGER,0.0,Pericytes
176,LIGER,0.5211267605633803,Plasma
177,LIGER,0.6976744186046512,T-cells
178,LIGER,0.9897078353253652,Tumor
179,scMoMaT,0.7305598755832037,overall
180,scMoMaT,0.15454545454545454,B-cells
181,scMoMaT,0.4645669291338583,Basal progenitor
182,scMoMaT,0.061224489795918366,DC
183,scMoMaT,0.2222222222222222,Endothelial
184,scMoMaT,0.5786026200873362,Fibroblasts
185,scMoMaT,0.06666666666666667,Luminal mature
186,scMoMaT,0.3925729442970822,Luminal progenitor
187,scMoMaT,0.4460093896713615,Macrophages
188,scMoMaT,0.2,Pericytes
189,scMoMaT,0.056338028169014086,Plasma
190,scMoMaT,0.6540697674418605,T-cells
191,scMoMaT,0.9448871181938912,Tumor
192,Seurat(WNN),0.55248833592535,overall
193,Seurat(WNN),0.20909090909090908,B-cells
194,Seurat(WNN),0.12598425196850394,Basal progenitor
195,Seurat(WNN),0.04081632653061224,DC
196,Seurat(WNN),0.027777777777777776,Endothelial
197,Seurat(WNN),0.4912663755458515,Fibroblasts
198,Seurat(WNN),0.08,Luminal mature
199,Seurat(WNN),0.38992042440318303,Luminal progenitor
200,Seurat(WNN),0.20187793427230047,Macrophages
201,Seurat(WNN),0.02857142857142857,Pericytes
202,Seurat(WNN),0.18309859154929578,Plasma
203,Seurat(WNN),0.20930232558139536,T-cells
204,Seurat(WNN),0.748339973439575,Tumor
205,MultiMAP,0.4984447900466563,overall
206,MultiMAP,0.00909090909090909,B-cells
207,MultiMAP,0.0,Basal progenitor
208,MultiMAP,0.0,DC
209,MultiMAP,0.0,Endothelial
210,MultiMAP,0.010917030567685589,Fibroblasts
211,MultiMAP,0.04,Luminal mature
212,MultiMAP,0.0,Luminal progenitor
213,MultiMAP,0.431924882629108,Macrophages
214,MultiMAP,0.0,Pericytes
215,MultiMAP,0.0,Plasma
216,MultiMAP,0.17151162790697674,T-cells
217,MultiMAP,0.797808764940239,Tumor
