method,celltype,ks_celltype,ks_sample,ks_inter_celltype,celltype_omics_ASW
BindSC,Naive CD20+ B,0.8200572277143837,0.8083255446509773,0.8289008317796364,0.8978933582028478
BindSC,CD14+ Mono,0.664015857283661,0.5551871267904344,0.618960225803717,0.9207829976519452
BindSC,CD8+ T,0.5018839130505256,0.3922280533558769,0.45474123848881565,0.904369446738497
BindSC,CD16+ Mono,0.7448956177207438,0.7142292825374024,0.7363696574995078,0.8673516792986828
BindSC,B1 B,0.7564751018910403,0.7612459517234977,0.7918978035398927,0.8964352336979885
BindSC,Lymph prog,0.7588400831890885,0.37063328892796593,0.5798221108736089,0.8709346063736505
BindSC,CD4+ T naive,0.6840015663378711,0.47327716527649427,0.568982063340626,0.9058052437370814
BindSC,CD4+ T activated,0.5823727213181854,0.4693266311428372,0.5299345683659514,0.8917895782836249
BindSC,Erythroblast,0.8551517414288213,0.8333539939136543,0.8491410880920532,0.9049020428641934
BindSC,NK,0.7365537829290519,0.7330326570449365,0.7817273582672923,0.8541339862433507
BindSC,Transitional B,0.8188426125438746,0.8282124171089797,0.8596260842885508,0.8910089588687928
BindSC,Normoblast,0.8955919555703035,0.8810893890207784,0.889071774568205,0.920960816634985
BindSC,G/M prog,0.8162588841628104,0.6014716728353605,0.6730272177132721,0.8956569356908197
BindSC,MK/E prog,0.8631566513534541,0.7249637498747726,0.71693029613631,0.8725313708094219
BindSC,HSC,0.8826859808022018,0.8142802923015127,0.8317984140194428,0.8695471026962753
BindSC,pDC,0.9243214662161019,0.9198235987830857,0.9208570101399324,0.8923919676941622
BindSC,Proerythroblast,0.7943188508138769,0.7630182999108206,0.7581234980342192,0.8874139967476165
BindSC,Plasma cell,0.7578980629815391,0.7537732858082632,0.7692945427035286,0.9034652263961062
Seurat(CCA),Naive CD20+ B,0.884901463132847,0.864441445797752,0.8911732280952613,0.8489555059187893
Seurat(CCA),CD14+ Mono,0.8776891369556205,0.8745642705640394,0.8722290808027484,0.8347684450227781
Seurat(CCA),CD8+ T,0.6699034444594913,0.6142729254181425,0.7298264850614815,0.8579935232633302
Seurat(CCA),CD16+ Mono,0.7967923698670222,0.7812463368151752,0.7748150850179052,0.8412539907880893
Seurat(CCA),B1 B,0.8313921793446273,0.8070343715629519,0.8353251954566807,0.8561086071316175
Seurat(CCA),Lymph prog,0.7975778044359038,0.4513531468176632,0.6111003487490154,0.8095015943454354
Seurat(CCA),CD4+ T naive,0.7431515670583715,0.6647439097052306,0.7508432773412789,0.8003169415590419
Seurat(CCA),CD4+ T activated,0.7418750786769508,0.673960720235142,0.7677661610504953,0.8413375350354936
Seurat(CCA),Erythroblast,0.8651011445096158,0.8514189483906179,0.8480608332799565,0.8902904202110455
Seurat(CCA),NK,0.8206448819994436,0.7318636255726507,0.8473233718123073,0.8316669598207195
Seurat(CCA),Transitional B,0.8520997066377566,0.8214574447004008,0.8843154316238775,0.8385230306595897
Seurat(CCA),Normoblast,0.9154426118813553,0.8933712334326884,0.8828375629832905,0.8910123576001353
Seurat(CCA),G/M prog,0.8107477933801355,0.6509951872747717,0.7085010922549962,0.812060984781161
Seurat(CCA),MK/E prog,0.8757653106115949,0.7893256799778421,0.8400735030615548,0.7728190905623503
Seurat(CCA),HSC,0.8251860217953161,0.7521036441824491,0.788400980841349,0.7928412528250972
Seurat(CCA),pDC,0.7794037115262928,0.7601212642368589,0.7415263464779869,0.8273779935016303
Seurat(CCA),Proerythroblast,0.8236844590441195,0.7595718675917263,0.7804374194105153,0.8083931791028732
Seurat(CCA),Plasma cell,0.8189943305985831,0.8126230083362947,0.8302171751395014,0.790368369690128
MaxFuse,Naive CD20+ B,0.9021424005351516,0.8934107125135075,0.901712379052691,0.903107813675971
MaxFuse,CD14+ Mono,0.6560934348177415,0.6057313066470544,0.6216594301314795,0.8561847721300286
MaxFuse,CD8+ T,0.6537697427347033,0.5172545279307702,0.3176001983816062,0.8812733906096512
MaxFuse,CD16+ Mono,0.7092704684972413,0.5538219456231305,0.6499148430952018,0.8076668541407608
MaxFuse,B1 B,0.825236823019954,0.7723926781857525,0.6642877226217991,0.8788634876502952
MaxFuse,Lymph prog,0.6670432917769118,0.2841989967147487,0.44055564696532123,0.8558939146131453
MaxFuse,CD4+ T naive,0.7152487182026402,0.5348599854118306,0.5863921772645521,0.9099612907258265
MaxFuse,CD4+ T activated,0.6969289022789078,0.6173764627849694,0.6999974958362878,0.8879587167341896
MaxFuse,Erythroblast,0.7417564099931104,0.71628593714974,0.7613256981369425,0.8372028003215737
MaxFuse,NK,0.8328595333877915,0.7900144794758578,0.822291780284079,0.8691389230506423
MaxFuse,Transitional B,0.8201400236084386,0.8247510489895951,0.8251646806841324,0.8226473543637327
MaxFuse,Normoblast,0.9390798425932066,0.9201180544214602,0.9538856002644919,0.9174283053486046
MaxFuse,G/M prog,0.8107694372375365,0.6501084081190684,0.21356459744509426,0.8334709531042112
MaxFuse,MK/E prog,0.8384585209324581,0.816928733458153,0.8159790357642231,0.8606312306159376
MaxFuse,HSC,0.7910590021756765,0.7780834280307201,0.7617294252722053,0.7954676853453918
MaxFuse,pDC,0.7978989005391567,0.7605207943739432,0.23124310974823303,0.8263474028199486
MaxFuse,Proerythroblast,0.7567763585168581,0.7065589245761825,0.6459943876109369,0.8866528338289686
MaxFuse,Plasma cell,0.8780606345412209,0.8789230398403614,0.8686332863260887,0.8961725789176511
MIDAS,Naive CD20+ B,0.8124762461091013,0.7240767291875432,0.7963176988955283,0.9168195272169738
MIDAS,CD14+ Mono,0.7545633400009892,0.6231253851802498,0.725166471067117,0.9312187038587434
MIDAS,CD8+ T,0.6192181111325399,0.46186104304936554,0.5869197301757718,0.9420457305366222
MIDAS,CD16+ Mono,0.784128794404358,0.6630275846896037,0.7514489122532184,0.9157790861754115
MIDAS,B1 B,0.7912605698675625,0.65576758353709,0.7577197341220538,0.9210847322040385
MIDAS,Lymph prog,0.7620896351502116,0.3843271350915288,0.5981810088034305,0.883922754427108
MIDAS,CD4+ T naive,0.6626177407607765,0.4496146193798404,0.5696169575507166,0.9246897937265047
MIDAS,CD4+ T activated,0.6443260636591308,0.4933078401895084,0.5993455804689309,0.9389424431799415
MIDAS,Erythroblast,0.8077758902539409,0.7267444018301578,0.8041006371124177,0.9110382976868572
MIDAS,NK,0.7908973573219634,0.6536907974784749,0.7597399077072305,0.9231742895251538
MIDAS,Transitional B,0.808787719089781,0.6783801661973463,0.810647689848638,0.9281812492596727
MIDAS,Normoblast,0.9103209047458889,0.8846525444846643,0.8979555426269197,0.8945582400797742
MIDAS,G/M prog,0.7760162856358759,0.4882932741229422,0.6496594398902615,0.8988510886109454
MIDAS,MK/E prog,0.8655706240835473,0.7638612398196403,0.8268270114452758,0.8960087276451427
MIDAS,HSC,0.8273511237861354,0.7065928169141442,0.7946718329501801,0.8442489405761436
MIDAS,pDC,0.8333655867018511,0.7536359435993716,0.812996140584726,0.9128801684322675
MIDAS,Proerythroblast,0.8099917106839658,0.7405034004870403,0.7789069467253749,0.9164651243214819
MIDAS,Plasma cell,0.7494045672176342,0.7012033222262781,0.7041002564069712,0.8902307975987591
scBridge,Naive CD20+ B,0.8925270648834989,0.8740004438899327,0.8808750049982482,0.8990455992798921
scBridge,CD14+ Mono,0.8872017430402175,0.8879787134160195,0.8996273892045632,0.8987083224809339
scBridge,CD8+ T,0.888361955575306,0.8788264316358949,0.8777253291943506,0.9367953361306146
scBridge,CD16+ Mono,0.8269050456526797,0.8189544521168819,0.7780482036071015,0.8438914218342637
scBridge,B1 B,0.9214961196504022,0.8835880513407971,0.8986473096922745,0.8900622317388311
scBridge,Lymph prog,0.865371503233686,0.6156123939596039,0.6789821462260227,0.8705980221881758
scBridge,CD4+ T naive,0.8291462022026999,0.6653581938116813,0.6683314931988406,0.8302124241342793
scBridge,CD4+ T activated,0.7997402063933532,0.7821816059473675,0.7864684129370676,0.8930940236576898
scBridge,Erythroblast,0.8598952381881113,0.8415094721037768,0.833766936125927,0.842983819490382
scBridge,NK,0.9602426894099793,0.9436580935103833,0.9546804959068169,0.9519681419835122
scBridge,Transitional B,0.9222468790287699,0.8943386429454954,0.9173832373347394,0.8944956779747958
scBridge,Normoblast,0.9124299774296587,0.9068656108717487,0.9106841312287695,0.8636944048637579
scBridge,G/M prog,0.7922349863245506,0.6255820910222232,0.5985062705623239,0.8147479958367235
scBridge,MK/E prog,0.878839709904977,0.7552364947064478,0.814714145838274,0.8575928581382062
scBridge,HSC,0.8631642931229179,0.7794175331267666,0.796008420238829,0.797614253558898
scBridge,pDC,0.8743419220621589,0.882609432777023,0.8755307185630722,0.787150799037447
scBridge,Proerythroblast,0.8257716577319061,0.7159128914006034,0.6977499449780358,0.8361433354494673
scBridge,Plasma cell,0.8770983597641794,0.8656654352031805,0.8630406588667802,0.8132287037438
scVI,Naive CD20+ B,0.8654705066375025,0.7537397698305581,0.8328483796465461,0.9173997389411276
scVI,CD14+ Mono,0.8158975031890492,0.6370843007229955,0.7727947384729343,0.9317789750100364
scVI,CD8+ T,0.6372155297933261,0.44799526062583467,0.6069779812864861,0.9444215339775204
scVI,CD16+ Mono,0.8613134198500041,0.7701229572107093,0.8485688955857349,0.8942942340282631
scVI,B1 B,0.8528626652111222,0.7175241140921103,0.8008094155076211,0.9061736475499528
scVI,Lymph prog,0.7803160851699507,0.2922055535116197,0.5543966901359638,0.8418620587314767
scVI,CD4+ T naive,0.7234391755325676,0.33482091817184284,0.5377342950676497,0.9493230260630113
scVI,CD4+ T activated,0.6728540884311967,0.5061748465010663,0.6380599551827209,0.9443250841505438
scVI,Erythroblast,0.8146410183445014,0.7235128751600856,0.8052621072618632,0.920500383785373
scVI,NK,0.8168627836094561,0.645273919924898,0.7732141008166016,0.9419901943796876
scVI,Transitional B,0.776458527866567,0.6822128222938854,0.8156452714581417,0.9196694345350258
scVI,Normoblast,0.9226270757788078,0.8893120987857318,0.9092935668743426,0.8740543992894527
scVI,G/M prog,0.8335360885311974,0.5615946688259432,0.7116859485090313,0.9276550503322071
scVI,MK/E prog,0.8891702305449939,0.8051881937737442,0.8586152236624108,0.8986877426169417
scVI,HSC,0.8947778525361076,0.7883532364879016,0.8541848250568805,0.8580412386506294
scVI,pDC,0.8823263479128503,0.8282252444161621,0.8475055556051564,0.896709524095638
scVI,Proerythroblast,0.8111070826511353,0.732486449550006,0.794692147597897,0.9133759058439336
scVI,Plasma cell,0.8734065371247682,0.8397987456657129,0.8580523578124921,0.919892341166111
scButterfly,Naive CD20+ B,0.8925783428469525,0.8925429352699801,0.9051616251564408,0.8738421452863061
scButterfly,CD14+ Mono,0.9333624639493403,0.9265894801762576,0.9351190097608434,0.8827411390756669
scButterfly,CD8+ T,0.5308589993940321,0.48871403135563585,0.521886649273035,0.9140478272916875
scButterfly,CD16+ Mono,0.7861013996838329,0.7476787669946653,0.765630299165483,0.8917094377122062
scButterfly,B1 B,0.8513960506910339,0.8349442502841963,0.8496665276603823,0.8688816740767294
scButterfly,Lymph prog,0.8018275736499019,0.691602037595772,0.7348323368801027,0.8422873268867902
scButterfly,CD4+ T naive,0.7717885985420241,0.7554475010965125,0.7594873589297927,0.8988597767486023
scButterfly,CD4+ T activated,0.7650991469064203,0.7438095712464963,0.763443413713832,0.9280861135006013
scButterfly,Erythroblast,0.9194007021704913,0.9110411178044456,0.9262898127480961,0.8630092319039058
scButterfly,NK,0.6978708322997931,0.6684224320268021,0.7146643433491775,0.8905925013117167
scButterfly,Transitional B,0.818774496087278,0.8241079096459977,0.8405328469359519,0.8764525496524105
scButterfly,Normoblast,0.8890048121976847,0.8890098593667501,0.8857527211468479,0.8831617965408872
scButterfly,G/M prog,0.8262104426659278,0.6883380942411583,0.68839316058884,0.8750922899414175
scButterfly,MK/E prog,0.8783886142850683,0.8456793884249753,0.8309539161666146,0.7866442538565546
scButterfly,HSC,0.8642945121981245,0.8325891931532854,0.835721394340094,0.8304880984819119
scButterfly,pDC,0.7689312886756797,0.7622007043298207,0.7834219676826939,0.9019468991128763
scButterfly,Proerythroblast,0.8669854128397348,0.8721594881040308,0.8409450562916925,0.8978845605368696
scButterfly,Plasma cell,0.7138613227522417,0.7328636559313698,0.6961381774535835,0.8936566947218676
scDART,Naive CD20+ B,0.790573752080506,0.7789665465257127,0.22708705751009617,0.8551955343190442
scDART,CD14+ Mono,0.7096960900354359,0.6840261247653534,0.02085242838619683,0.8823559284622351
scDART,CD8+ T,0.5782140710518653,0.518242442454064,0.0824025550477211,0.8567219580379948
scDART,CD16+ Mono,0.49760913163675613,0.43601255986639864,0.00015499522031892088,0.8518969552522399
scDART,B1 B,0.6965783214567237,0.677078264004358,0.381386715805716,0.834117817698059
scDART,Lymph prog,0.6087621703225402,0.37100914402468216,0.3676089669150282,0.8298915423781393
scDART,CD4+ T naive,0.6250691604067375,0.5753546440148903,0.30930989808434095,0.8656980706761054
scDART,CD4+ T activated,0.6685433666141766,0.6037081952852461,0.2893937909304235,0.841729813426999
scDART,Erythroblast,0.8558391881209441,0.8341742416774653,0.3818132665599598,0.9032941611488553
scDART,NK,0.6987897337675149,0.664238186542838,0.0010859686555074743,0.8558586042692854
scDART,Transitional B,0.6658812475457289,0.6536014400557213,0.5306535282488909,0.8450231394634836
scDART,Normoblast,0.8493181105057579,0.8284341719641198,0.4989082883329835,0.89616050651718
scDART,G/M prog,0.6081602095483759,0.41968659741337283,0.1713889328015823,0.8089136113375194
scDART,MK/E prog,0.6557605252062233,0.5670220853927507,0.25257390624348713,0.8420997618173384
scDART,HSC,0.5642576493328109,0.4842727188242841,0.2677127764857896,0.8716864281214237
scDART,pDC,0.4759750185691043,0.4270525011750605,0.17631193162374936,0.8763514870068883
scDART,Proerythroblast,0.790455867921221,0.7646988375657895,0.21648483899508641,0.9153308842185217
scDART,Plasma cell,0.5449486517623513,0.5537431776045731,0.4855197868976601,0.8888452907341722
scglue,Naive CD20+ B,0.9085483325698784,0.8920463553406095,0.90926587435186,0.9446697277059558
scglue,CD14+ Mono,0.9200245315950367,0.8961876566555423,0.9132170080412818,0.937304426167261
scglue,CD8+ T,0.7151896072373087,0.6409933392758482,0.7162517212459885,0.9543083506170539
scglue,CD16+ Mono,0.8739381098285891,0.8440442357719149,0.8472240240883153,0.9084594797445918
scglue,B1 B,0.8790648341437951,0.84667560551374,0.870312568896125,0.9433256165006759
scglue,Lymph prog,0.8414492532987677,0.43769628200894917,0.6512399099857495,0.9164943402120892
scglue,CD4+ T naive,0.7786052967765138,0.6010453696403896,0.7148323881226293,0.9391506094386071
scglue,CD4+ T activated,0.7538296513822689,0.673783743622906,0.7516079992817184,0.9551425242313227
scglue,Erythroblast,0.8892634385105943,0.8712913903843581,0.8835126649205368,0.9267071078846718
scglue,NK,0.8273806172222348,0.7736643281403908,0.805230803996932,0.938178006091618
scglue,Transitional B,0.8798011219502901,0.867642853155408,0.9089977543776251,0.9029864764635266
scglue,Normoblast,0.9277160384744226,0.9073200547513844,0.924900399528598,0.9455229182764885
scglue,G/M prog,0.8781929640286198,0.6676513818412141,0.7347132193478998,0.9223823522198255
scglue,MK/E prog,0.9325349860384089,0.8952616734145047,0.9184459864158755,0.9194790372145953
scglue,HSC,0.9429760520037315,0.9203053646412399,0.9376025973951784,0.9048891296823446
scglue,pDC,0.951759215611669,0.9482324154311053,0.9624721033001943,0.8928261096207701
scglue,Proerythroblast,0.8448332997563716,0.8392135081172708,0.8368056244515628,0.9065273267119482
scglue,Plasma cell,0.8992029990249695,0.8962220664287952,0.9063752092311418,0.9367637107687439
scglue(multiome),Naive CD20+ B,0.9134717715830647,0.9039683824206997,0.9217940129019825,0.9285494351212153
scglue(multiome),CD14+ Mono,0.9296296786240389,0.912293857505621,0.927381213511137,0.9411200982243069
scglue(multiome),CD8+ T,0.6991049425722967,0.6321698861657341,0.7022422066296107,0.9396015922527751
scglue(multiome),CD16+ Mono,0.8631538342401225,0.8373780991192186,0.8550851594263801,0.9256962457262669
scglue(multiome),B1 B,0.8748961112087061,0.8378455259458767,0.8631737553002307,0.9442391782812937
scglue(multiome),Lymph prog,0.8375916094366075,0.43873349665238,0.6466516287740225,0.9140962724696513
scglue(multiome),CD4+ T naive,0.7905280330184993,0.6520218701278573,0.7316505246228798,0.9312564297789782
scglue(multiome),CD4+ T activated,0.7773065767023155,0.7103604432346384,0.7695120959345084,0.944523857017858
scglue(multiome),Erythroblast,0.8985215090311506,0.8850606934961585,0.889290195774744,0.9248967770905305
scglue(multiome),NK,0.8199130567593487,0.7990204228268448,0.8271361953567699,0.9392842232121305
scglue(multiome),Transitional B,0.8723045249823561,0.8632177905286413,0.8956756271945914,0.8937057665767063
scglue(multiome),Normoblast,0.9245028960089299,0.916454387672822,0.9244173708943955,0.9338766742141226
scglue(multiome),G/M prog,0.8798252730036386,0.6619464541513733,0.7279416642481122,0.9025834447709328
scglue(multiome),MK/E prog,0.92692331790668,0.8975109505997706,0.9200535117154517,0.9082794226511612
scglue(multiome),HSC,0.9389814002603147,0.9065418270965331,0.9321197676727531,0.8726197110767756
scglue(multiome),pDC,0.946720457890831,0.9443539125484495,0.956798106512976,0.9174398038213566
scglue(multiome),Proerythroblast,0.8438563571414796,0.8416652457023057,0.8358424436693975,0.8999034402699325
scglue(multiome),Plasma cell,0.8839240636699923,0.8857177008499055,0.889733463863146,0.9613178160999307
scJoint,Naive CD20+ B,0.7773002508811716,0.7529884509049685,0.7739605511198717,0.9505427650985157
scJoint,CD14+ Mono,0.7920049016376371,0.789176508855773,0.8382349690423757,0.9316476216152962
scJoint,CD8+ T,0.5930973888639582,0.5611171756113783,0.5163230207909774,0.9465240826288496
scJoint,CD16+ Mono,0.6127432994071296,0.5920403346601865,0.3182232908740109,0.9540192308144311
scJoint,B1 B,0.715572378540124,0.6886259301265695,0.6954798150525725,0.9402633718393665
scJoint,Lymph prog,0.501684608105802,0.38719564572476234,0.40340410158508194,0.9244106067040593
scJoint,CD4+ T naive,0.5504710104727174,0.471793196779788,0.42379617493111194,0.9432933439784671
scJoint,CD4+ T activated,0.6536997400776993,0.6282173214496836,0.5650627433418374,0.9491251371983169
scJoint,Erythroblast,0.767521931381262,0.7387995275248707,0.6652579883900395,0.9471704378733097
scJoint,NK,0.9033530415161161,0.8879200690491817,0.8870951184404172,0.9148356792744765
scJoint,Transitional B,0.6691621559464574,0.6153418425528656,0.6572105200617998,0.9364011883820504
scJoint,Normoblast,0.7487909325011886,0.7248476108316215,0.4729294250949755,0.9585147750942086
scJoint,G/M prog,0.6091400937880632,0.5347164083552968,0.39598501044204665,0.9239851831007472
scJoint,MK/E prog,0.5072478353188528,0.4794502130707924,0.3041200903235828,0.9114091630104002
scJoint,HSC,0.5731665339557228,0.5405446183292328,0.43122088067738523,0.9457950916045386
scJoint,pDC,0.5008280831949293,0.4392672869545867,0.21909112184035118,0.9455262730257326
scJoint,Proerythroblast,0.6714928687010709,0.609774127943244,0.4612897204535454,0.9282399736273466
scJoint,Plasma cell,0.6041190982263123,0.5784903665990305,0.49618378838954763,0.9456938129131528
simba,Naive CD20+ B,0.880493494964021,0.8714175384561174,0.896803451176077,0.8176320300766727
simba,CD14+ Mono,0.9083242550365627,0.8830623825035703,0.9237097010388531,0.8069086312371359
simba,CD8+ T,0.6814714524793486,0.6297312773222428,0.7088222696383424,0.8485458419479499
simba,CD16+ Mono,0.8092608468428321,0.7946737095006096,0.7698992459472278,0.870394662878661
simba,B1 B,0.8470858331092982,0.8355726934592675,0.8534676147267883,0.8508631006486295
simba,Lymph prog,0.8005903939597591,0.46802250997051587,0.6328698619678564,0.7770976403630768
simba,CD4+ T naive,0.762715163506686,0.645686561566924,0.7733474386340329,0.7797326701546795
simba,CD4+ T activated,0.7653129106499202,0.7050500040613868,0.8041668700122566,0.7966509041477736
simba,Erythroblast,0.8830886817934639,0.8608187253729269,0.8684911962428796,0.8545123946130693
simba,NK,0.8536092108097622,0.8280954216883697,0.8683075977524337,0.8130768255112599
simba,Transitional B,0.8494826132648876,0.8231274038350953,0.8999028563729368,0.843432081934999
simba,Normoblast,0.900366676726779,0.8834852843200613,0.8609215599152058,0.9039959637471813
simba,G/M prog,0.8367527765765133,0.6881643457062582,0.7382705964481598,0.8326702728948615
simba,MK/E prog,0.8883402913411418,0.8227284584052093,0.8701713939266917,0.755554087032235
simba,HSC,0.8500525615811366,0.8222779900000804,0.8491728903728151,0.7600030713332356
simba,pDC,0.8545008844327311,0.8372454674975347,0.8510238495932835,0.905833051931587
simba,Proerythroblast,0.8077346237165938,0.8001062039840243,0.8015898831241318,0.8287253936547462
simba,Plasma cell,0.7834400591755711,0.7832961389462256,0.7681933185457759,0.855582528935681
BindSC(batch),Naive CD20+ B,0.8184998771894848,0.8304921060368128,0.8376265836111354,0.9429444912315347
BindSC(batch),CD14+ Mono,0.6445506978957979,0.623156395731429,0.6491042812587675,0.9334310228764378
BindSC(batch),CD8+ T,0.5858598210511415,0.5628082377772994,0.5894663106266873,0.9181527292041622
BindSC(batch),CD16+ Mono,0.8137431692735002,0.8176540627273823,0.8267817396489067,0.9217499435992522
BindSC(batch),B1 B,0.7782739380546535,0.798958016953361,0.8105214309378526,0.9369684047976836
BindSC(batch),Lymph prog,0.812314626641338,0.42150600570858154,0.6078560525560432,0.8849922293756557
BindSC(batch),CD4+ T naive,0.7082269966966912,0.5403609146569178,0.6061201664650312,0.9151046743354155
BindSC(batch),CD4+ T activated,0.62773110315548,0.5873237226836928,0.6130814348099971,0.9125740709114193
BindSC(batch),Erythroblast,0.8462980553667564,0.8347669337525571,0.8507729096147414,0.9277469869393847
BindSC(batch),NK,0.7352642290755995,0.7619636526187666,0.7889611963920709,0.9206854860883925
BindSC(batch),Transitional B,0.8093631127594273,0.8399464713713098,0.8405256867054519,0.894066988919864
BindSC(batch),Normoblast,0.8910252951261706,0.8809330157431832,0.8816105108252014,0.947415270814418
BindSC(batch),G/M prog,0.8145972437539588,0.637627283609484,0.6639329761897885,0.9015450664529836
BindSC(batch),MK/E prog,0.862841024470677,0.7813990913598691,0.7395142130832131,0.863625192577725
BindSC(batch),HSC,0.8982255324844797,0.8708338345882534,0.8665599292731252,0.8645202329928368
BindSC(batch),pDC,0.9258926464764979,0.9308760361608187,0.9239036409231883,0.9119261951044434
BindSC(batch),Proerythroblast,0.7943929881940732,0.770114367554442,0.7620888118102881,0.9333438838650545
BindSC(batch),Plasma cell,0.805704704851419,0.8218658497653752,0.8214695397372934,0.9209374522788222
scVI(batch),Naive CD20+ B,0.8866119286612872,0.8803279806682096,0.8956212242620204,0.9316456006203682
scVI(batch),CD14+ Mono,0.898433924514647,0.8802029615681652,0.9048719082413613,0.9369388296867807
scVI(batch),CD8+ T,0.6784426023376576,0.6681236834446383,0.6796863289876209,0.9434151427442862
scVI(batch),CD16+ Mono,0.8930931902420614,0.8906627976504625,0.8973026245511772,0.934570914360885
scVI(batch),B1 B,0.8523702078526094,0.8018826362587987,0.8271373098597026,0.9219904189297797
scVI(batch),Lymph prog,0.8002423698737574,0.4309978993299683,0.6178473280614593,0.8857180051916208
scVI(batch),CD4+ T naive,0.7845124831185246,0.6706938792828703,0.7327359403343955,0.9368451639569468
scVI(batch),CD4+ T activated,0.712356325414791,0.7013669411521481,0.7315591380509019,0.9498550812026997
scVI(batch),Erythroblast,0.8693309848776989,0.8505417625416513,0.8661016342659257,0.9068136791028796
scVI(batch),NK,0.8585034819570461,0.834986462387558,0.8530312520771599,0.9396503562431165
scVI(batch),Transitional B,0.8206296024774393,0.7921904667179012,0.8443978295151088,0.8773906328988107
scVI(batch),Normoblast,0.9297312771728121,0.9246953094434557,0.9289833951402607,0.9129794713536575
scVI(batch),G/M prog,0.8608520105982027,0.7382105536657181,0.7829264341566361,0.9123009631883116
scVI(batch),MK/E prog,0.904210137231895,0.8757949284474325,0.8929746498153476,0.8746478463765988
scVI(batch),HSC,0.9124793914076796,0.8723008373358039,0.8787748909015529,0.814293450888101
scVI(batch),pDC,0.8839166763474461,0.8821740932494804,0.8685446853266692,0.901331904770259
scVI(batch),Proerythroblast,0.807678764871838,0.8105388749553288,0.7987424111695863,0.8859330201115804
scVI(batch),Plasma cell,0.8774948088803362,0.8792855436306045,0.8634146917944325,0.9576112815853222
scglue(batch),Naive CD20+ B,0.9153885256638191,0.9119332157216286,0.9200137806888704,0.9347401458194624
scglue(batch),CD14+ Mono,0.9117144639891652,0.9080894187871543,0.914851490023838,0.944189078492973
scglue(batch),CD8+ T,0.7235793406482071,0.7032207225360211,0.7357693933295857,0.950759294787479
scglue(batch),CD16+ Mono,0.8876015365741128,0.8819598677467023,0.87361965492589,0.9115670986496431
scglue(batch),B1 B,0.8804469421422308,0.8512600074656467,0.866028749687548,0.9160914270691273
scglue(batch),Lymph prog,0.8298773592508002,0.44084423811489165,0.6398055387695263,0.9337176718294032
scglue(batch),CD4+ T naive,0.7751598984017374,0.6699854015154076,0.721155209140061,0.9527790317707888
scglue(batch),CD4+ T activated,0.76924344400612,0.7442501182004112,0.7688914568124904,0.9369194870863407
scglue(batch),Erythroblast,0.8886121598358413,0.874820971424183,0.8757062302186087,0.9236352614350624
scglue(batch),NK,0.8254545799095013,0.8341423814376177,0.8266188068309449,0.9202062033271367
scglue(batch),Transitional B,0.8869982438743328,0.8908833313669164,0.9113060406331757,0.8854678399110862
scglue(batch),Normoblast,0.9217166759722977,0.9065367048990355,0.9134628948799357,0.9401112920556906
scglue(batch),G/M prog,0.8821385451656952,0.6922804165273161,0.7501210016573259,0.8993183019620913
scglue(batch),MK/E prog,0.9309762492554029,0.897817890486764,0.9209405878771747,0.8902435272297624
scglue(batch),HSC,0.9416376549791124,0.919190121588548,0.9357952462476069,0.8716495731330781
scglue(batch),pDC,0.9367509665810758,0.9347985785718976,0.936455824942063,0.9333250391365125
scglue(batch),Proerythroblast,0.8404377473205626,0.8325652695324162,0.8344357887382781,0.8572872265019242
scglue(batch),Plasma cell,0.8971892100184307,0.9037604243165521,0.9057754832736882,0.9260263855720124
"scglue(multiome,batch)",Naive CD20+ B,0.9094408768065314,0.9044725443868226,0.9111406902920367,0.9666448267235355
"scglue(multiome,batch)",CD14+ Mono,0.9218944800076969,0.9175406825210952,0.9193157439281199,0.949648321656314
"scglue(multiome,batch)",CD8+ T,0.7240548242548022,0.7050966044480458,0.7303965578498202,0.943226602413078
"scglue(multiome,batch)",CD16+ Mono,0.8839357917828456,0.884197523932975,0.8798070919448066,0.9099804073135201
"scglue(multiome,batch)",B1 B,0.8824250309667097,0.8536880049824054,0.8684981032933184,0.9393437534088075
"scglue(multiome,batch)",Lymph prog,0.8424314098674934,0.48106415721339796,0.6528336708455746,0.9268579390270787
"scglue(multiome,batch)",CD4+ T naive,0.8027098907536759,0.7242573256819966,0.7618122170282022,0.9201592894632037
"scglue(multiome,batch)",CD4+ T activated,0.7812757294968445,0.7559244577899984,0.7774015559890047,0.9361413898755846
"scglue(multiome,batch)",Erythroblast,0.8998948365013344,0.8879855137192374,0.8878978521467233,0.9206645945798384
"scglue(multiome,batch)",NK,0.8393214987335629,0.8484069474248412,0.8514044658999499,0.924682772884765
"scglue(multiome,batch)",Transitional B,0.866359625727743,0.8741888622631409,0.8861972422673352,0.8587159244305924
"scglue(multiome,batch)",Normoblast,0.9042386500154124,0.9019424165476707,0.915969608100076,0.9193212379664366
"scglue(multiome,batch)",G/M prog,0.8878734350499977,0.7029289853269574,0.7621380386651073,0.9013608956498067
"scglue(multiome,batch)",MK/E prog,0.9238760022937118,0.8958409702255338,0.9117976254762206,0.9055729475594907
"scglue(multiome,batch)",HSC,0.9426691562840604,0.9201324863317377,0.9367564286652037,0.8559721090544798
"scglue(multiome,batch)",pDC,0.9492593069684901,0.9554014406354092,0.9641948632516563,0.9106173441795465
"scglue(multiome,batch)",Proerythroblast,0.8440692286120929,0.8500268240096956,0.8337156824918819,0.8847068459700647
"scglue(multiome,batch)",Plasma cell,0.8807452533940836,0.8896448238523728,0.8913375959361468,0.9451110037012522
scJoint(batch),Naive CD20+ B,0.656899592517156,0.28990192024394495,0.5584807982730803,0.8439019832475704
scJoint(batch),CD14+ Mono,0.7610573089764747,0.5117154038888115,0.694343404930395,0.8469850729251062
scJoint(batch),CD8+ T,0.6714099431970056,0.3399915707220695,0.5748322237630272,0.8723542811983043
scJoint(batch),CD16+ Mono,0.6720912190504754,0.42651015016412636,0.5085547172039477,0.8456449173953757
scJoint(batch),B1 B,0.5861411773424461,0.26274534253240517,0.5261530225667265,0.8532100961397933
scJoint(batch),Lymph prog,0.47527888236597116,0.15859406884838667,0.3461445278720538,0.8134221412964494
scJoint(batch),CD4+ T naive,0.6563645263036975,0.2727852058655607,0.4883828437126441,0.8576899468914619
scJoint(batch),CD4+ T activated,0.6897551213143861,0.4400788866451283,0.6716391135873357,0.8835093898089932
scJoint(batch),Erythroblast,0.7025907665964064,0.4960105007729474,0.7177439210688646,0.8998770542111787
scJoint(batch),NK,0.7435009003108641,0.36223757764306963,0.5733789720456495,0.8465783473571702
scJoint(batch),Transitional B,0.603483914250976,0.2564808843610359,0.42585306749784524,0.8247602311255119
scJoint(batch),Normoblast,0.8073356365293116,0.7537914868750126,0.33590435353640374,0.8835712780388204
scJoint(batch),G/M prog,0.6200550486383118,0.24085318346501072,0.22995559845955688,0.77941594386293
scJoint(batch),MK/E prog,0.5256722814053965,0.20203435200724174,0.12871030395063182,0.8075040773357973
scJoint(batch),HSC,0.5778054162465982,0.32654221601807226,0.45795615136879925,0.8346688560401649
scJoint(batch),pDC,0.5087317669143805,0.3078351862770965,0.4120015066830399,0.8778376872781029
scJoint(batch),Proerythroblast,0.5913769917677676,0.14913315058133145,0.12860919073860455,0.8206960595850398
scJoint(batch),Plasma cell,0.5301182236150618,0.17465262719619495,0.2754685780618754,0.8252731552474837
MIDAS(batch),Naive CD20+ B,0.7893381853621784,0.7863090201590921,0.793854589036922,0.9512894483147583
MIDAS(batch),CD14+ Mono,0.7485477520630635,0.7470708277140441,0.7454795035265127,0.9407018471916728
MIDAS(batch),CD8+ T,0.6162776743750422,0.609944632458203,0.6222681268062373,0.9518929811366078
MIDAS(batch),CD16+ Mono,0.797833714379623,0.7837683885773987,0.7845057252853609,0.9171764003731957
MIDAS(batch),B1 B,0.7687986984441079,0.7513168381209089,0.7616979658907114,0.933082625895659
MIDAS(batch),Lymph prog,0.7623414577133458,0.4791686768973071,0.617440006745881,0.9368222669500436
MIDAS(batch),CD4+ T naive,0.6135680637847135,0.5332156346922738,0.556243886197864,0.9278251863987161
MIDAS(batch),CD4+ T activated,0.6090234500255721,0.6034883048128165,0.6031370261828439,0.9470171336532386
MIDAS(batch),Erythroblast,0.7732231791856903,0.7583083335927753,0.7633441730237596,0.9227311776945399
MIDAS(batch),NK,0.7784390879282141,0.7746463668784155,0.776362115168725,0.9554294201060505
MIDAS(batch),Transitional B,0.7597577248618393,0.7484300789272413,0.7718053643640965,0.8986820812772754
MIDAS(batch),Normoblast,0.8541790401905822,0.8640655307099356,0.8674004251652003,0.9093732791223269
MIDAS(batch),G/M prog,0.7828936354778283,0.6619310979285893,0.6798416723374407,0.8902668971883075
MIDAS(batch),MK/E prog,0.829843039287206,0.7911648909320117,0.7917297139632345,0.8940063541831759
MIDAS(batch),HSC,0.8355170328908563,0.7847769060077301,0.7998562506102753,0.8329994673033532
MIDAS(batch),pDC,0.8298484881067714,0.8219375129496961,0.8283824386960302,0.9185168237994754
MIDAS(batch),Proerythroblast,0.7888326094513514,0.7650625384364176,0.7564502102071677,0.9367218849398937
MIDAS(batch),Plasma cell,0.6672134375733909,0.6581971873450538,0.6453595648460599,0.9211558206533288
